mol_id,smiles,homo,lumo,gap,h298,gap_eV
gdb_9,CC#C,-0.2609,0.0613,0.3222,-116.604606,8.767508648457333
gdb_50,c1cc[nH]c1,-0.2029,0.0499,0.2528,-210.096872,6.879038442985767
gdb_52,c1ccoc1,-0.2246,0.0199,0.2445,-229.96447,6.653183937144066
gdb_205,c1c[nH]cc1N,-0.1741,0.0558,0.2299,-265.432015,6.255897697952641
gdb_208,c1c(nco1)N,-0.2057,0.0107,0.2164,-301.367967,5.888543983631803
gdb_238,C(C#N)C(=O)N,-0.2741,0.0051,0.2792,-301.387246,7.597419039879849
gdb_318,CC12CN(C1)C2,-0.2257,0.0834,0.3091,-250.472502,8.41103948863489
gdb_438,C1C=CCC1=O,-0.2409,-0.0164,0.2245,-269.257631,6.108956212224306
gdb_473,CC1C(C)C1C,-0.2571,0.0841,0.3412,-235.685652,9.284524987131105
gdb_531,COCCC#N,-0.2751,0.0324,0.3075,-286.487409,8.36750127064131
gdb_535,CCCNC=O,-0.2492,0.034,0.2832,-287.716377,7.706264584863802
gdb_579,C1CC1CC=O,-0.2458,-0.0201,0.2258,-270.420366,6.144331014344091
gdb_664,C1OC2COC12,-0.2484,0.0584,0.3068,-306.307396,8.348453300269119
gdb_808,CCC(=NO)CC,-0.2392,0.0153,0.2545,-326.939801,6.925297799603946
gdb_814,C1C=CCC1=NO,-0.2347,0.011,0.2457,-324.542789,6.6858376006392515
gdb_860,c1c(nc([nH]1)O)O,-0.1866,0.0565,0.2431,-376.606166,6.615087996399683
gdb_864,Cc1ccc(o1)N,-0.1764,0.0421,0.2186,-324.603773,5.948409033372976
gdb_1003,CN1C=COC1=N,-0.1889,0.0283,0.2172,-340.647291,5.910313092628593
gdb_1027,c1c([nH]cn1)C=O,-0.2497,-0.0566,0.193,-339.477342,5.251797545475684
gdb_1053,COc1ncco1,-0.2226,0.0234,0.246,-360.529922,6.694001016513048
gdb_1087,CC(C)(CC#N)O,-0.2844,0.026,0.3105,-325.79227,8.449135429379274
gdb_1141,CC1CC(C1)(C)C,-0.2778,0.0823,0.36,-274.981877,9.796099048555678
gdb_1206,CC(=N)OCC#N,-0.2876,-0.0022,0.2855,-340.639629,7.768850773229573
gdb_1260,CC(C)OC=NC,-0.2434,0.0303,0.2738,-326.973259,7.450477554151513
gdb_1519,CCNC(=O)NC,-0.2372,0.0669,0.3042,-343.068441,8.27770369602955
gdb_1597,NC(=O)C(O)C#C,-0.2601,0.0068,0.2669,-360.49719,7.262718989054197
gdb_1626,CC(C)C(O)C=O,-0.2706,-0.0384,0.2321,-346.860428,6.315762747693815
gdb_1739,C#CCC1(CC1)O,-0.2514,0.0428,0.2942,-308.459482,8.005589833569669
gdb_1792,CCC1(O)CC1C,-0.2483,0.0747,0.3231,-310.902597,8.791998896078722
gdb_1815,CC(C)(C)C1CO1,-0.2615,0.0811,0.3426,-310.897552,9.322620927875489
gdb_1873,CC1COC(=N)O1,-0.2522,0.0577,0.3099,-361.732685,8.43280859763168
gdb_1881,OC1CNC(=O)C1,-0.2388,0.0378,0.2766,-361.748061,7.526669435640281
gdb_1945,O=CC1CC(=O)N1,-0.2595,-0.0431,0.2164,-360.531379,5.888543983631803
gdb_2029,CN1CC2(C1)CN2,-0.2111,0.0771,0.2882,-305.830334,7.842321516093741
gdb_2146,OC1CC=CC1=O,-0.2473,-0.0559,0.1914,-344.477278,5.208259327482103
gdb_2176,CC1COCC1C,-0.2442,0.0755,0.3197,-310.921102,8.699480182842363
gdb_2186,CC1N(C)CC1=O,-0.2291,-0.0213,0.2078,-325.762931,5.6545260619163065
gdb_2224,CC1C2OCC12O,-0.2254,0.0633,0.2887,-345.593635,7.855927209216736
gdb_2273,C#CCC1COC1,-0.2477,0.0462,0.2939,-308.450752,7.9974264176958725
gdb_2445,C1C2CCCC1O2,-0.2356,0.0773,0.313,-309.705496,8.517163894994244
gdb_2458,O=C1OC2CC2O1,-0.2878,0.0351,0.3229,-380.408954,8.786556618829525
gdb_2461,CC1=CC2OC2C1,-0.2347,0.0075,0.2422,-308.505642,6.590597748778293
gdb_2472,OC1CC2OC2C1,-0.2452,0.0777,0.3229,-345.634882,8.786556618829525
gdb_2513,CNC(=NC)C=O,-0.2272,-0.0657,0.1615,-341.826098,4.394638878727062
gdb_2537,COC(CN)C#N,-0.2521,0.0163,0.2684,-341.816994,7.303536068423179
gdb_2578,CCC1(CO)CO1,-0.2577,0.0737,0.3314,-346.823493,9.017853401920423
gdb_2582,C1C(O1)(CO)CO,-0.2554,0.0582,0.3136,-382.747166,8.533490726741837
gdb_2721,CCCCCCO,-0.2613,0.0815,0.3428,-312.115851,9.328063205124685
gdb_2739,O=C1COC1C#N,-0.2904,-0.0656,0.2248,-359.297855,6.117119628098102
gdb_2753,CC1COC1C#C,-0.2527,0.0216,0.2743,-308.453985,7.464083247274508
gdb_2840,OCC1CC1C#N,-0.2777,0.021,0.2987,-324.565829,8.128041071676616
gdb_2884,N#CC1CNC=N1,-0.2474,0.0016,0.249,-319.567982,6.775635175251011
gdb_3153,O=C1OCC11CN1,-0.2739,-0.0074,0.2665,-360.496788,7.251834434555802
gdb_3196,C1OC2OC1C=C2,-0.2464,-0.0014,0.2451,-344.430834,6.669510768891659
gdb_3219,CC1C2OC2C1O,-0.2503,0.0766,0.3269,-345.605092,8.895402163813477
gdb_3345,C1CC2OC2CO1,-0.2517,0.0816,0.3333,-345.630892,9.069555035787799
gdb_3404,CC1C2CC(C)C12,-0.2466,0.0862,0.3328,-273.749359,9.055949342664805
gdb_3444,CC1CCC2OC12,-0.2549,0.0908,0.3457,-309.714068,9.40697622523805
gdb_3458,O=C1C2CC1OC2,-0.2288,-0.0207,0.2082,-344.428032,5.665410616414701
gdb_3466,OC1C2OC1C=C2,-0.2487,-0.0039,0.2448,-344.392656,6.661347353017862
gdb_3483,OC12C3C4C1N4C23,-0.2125,0.0603,0.2728,-323.229659,7.423266167905526
gdb_3606,OC1CC1N1CC1,-0.2279,0.0807,0.3086,-325.710205,8.397433795511896
gdb_3616,C1C2C3COC1C23,-0.2366,0.0927,0.3293,-308.480385,8.960709490803847
gdb_3747,Cc1ncn(n1)C,-0.2487,0.016,0.2646,-320.786447,7.200132800688425
gdb_3782,CNc1cnno1,-0.2211,-0.0114,0.2097,-356.661623,5.706227695783683
gdb_3787,CNc1[nH]ncn1,-0.2148,0.0364,0.2512,-336.829366,6.835500224992185
gdb_3832,N=C1C=NNN=C1,-0.2273,-0.0463,0.181,-335.584518,4.925260910523828
gdb_3875,c1cnnc(n1)N,-0.2271,-0.0603,0.1667,-335.629502,4.536138087206199
gdb_3963,C(c1nnon1)O,-0.3046,-0.0789,0.2257,-392.55828,6.1416098757194915
gdb_3965,c1coccc1=NO,-0.198,-0.0184,0.1797,-398.572225,4.889886108404044
gdb_4015,C[NH2+]CC(CO)=N[O-],-0.146,0.0102,0.1562,-418.128614,4.250418531623326
gdb_4030,CCC(=NO)C(C)C,-0.2402,0.0158,0.256,-366.22642,6.9661148789729275
gdb_4124,CC12NC1CC2=NO,-0.2271,0.0124,0.2395,-379.825309,6.5171270059141255
gdb_4162,OCC1NCC1=NO,-0.2403,-0.004,0.2363,-416.969607,6.430050569926965
gdb_4206,ON=C1C2C3CC1N23,-0.2319,0.0076,0.2396,-378.602271,6.519848144538725
gdb_4264,Cc1cc(=O)nco1,-0.2492,-0.0421,0.2071,-398.647935,5.6354780915441145
gdb_4378,c1c(ncnc1O)O,-0.2583,-0.0205,0.2378,-414.734251,6.470867649295946
gdb_4433,Cc1c([nH]c(=O)[nH]1)N,-0.1762,0.0529,0.2291,-396.032728,6.23412858895585
gdb_4565,Cc1ccc(cc1)O,-0.2109,0.0022,0.2131,-346.672541,5.798746409020043
gdb_4591,c1cc(ccc1O)O,-0.1982,-0.0021,0.1961,-382.60013,5.3361528428382465
gdb_4603,Cc1cnc(=O)oc1,-0.2554,-0.0771,0.1782,-398.647622,4.8490690290350615
gdb_4612,c1c(coc(=O)n1)N,-0.2277,-0.0758,0.1519,-414.690821,4.133409570765577
gdb_4634,c1c(oc(=O)o1)C#N,-0.2794,-0.0724,0.207,-433.378771,5.632756952919515
gdb_4639,c1c([nH]c(=O)o1)C=O,-0.2456,-0.0755,0.1702,-434.594474,4.631377939067157
gdb_4792,Cc1cc([nH]c1)OC,-0.177,0.0662,0.2432,-363.883812,6.617809135024281
gdb_4803,c1c(c[nH]c1CO)N,-0.1758,0.0374,0.2133,-379.935409,5.80418868626924
gdb_4828,CCc1ccc([nH]1)C,-0.1854,0.0481,0.2334,-327.971234,6.351137549813599
gdb_4868,c1c([nH]c(n1)CO)N,-0.1965,0.0291,0.2257,-395.999547,6.1416098757194915
gdb_4885,CNC1=COC(=N)O1,-0.1974,0.0388,0.2362,-415.855322,6.427329431302365
gdb_4918,CNc1cc([nH]c1)N,-0.1598,0.0633,0.2231,-360.051533,6.070860271479923
gdb_5008,c1cnc(c(=O)[nH]1)N,-0.1993,-0.0292,0.1701,-394.846006,4.628656800442559
gdb_5030,c1c(c(=O)nco1)N,-0.2245,-0.0423,0.1822,-414.696121,4.957914574019013
gdb_5076,Cc1c[nH]c(c1C)C,-0.1859,0.0551,0.241,-327.973611,6.557944085283108
gdb_5089,Cc1coc(c1O)N,-0.1783,0.0411,0.2194,-399.811493,5.970178142369767
gdb_5210,CC#Cc1ncco1,-0.2273,-0.0281,0.1992,-361.464017,5.420508140200809
gdb_5211,CC#Cc1cc[nH]c1,-0.1948,0.0244,0.2192,-325.537571,5.96473586512057
gdb_5272,c1cn(cn1)CCO,-0.2225,0.0307,0.2532,-379.937606,6.8899229974841605
gdb_5305,CC(C)c1[nH]ccn1,-0.214,0.0375,0.2515,-344.027006,6.843663640865982
gdb_5350,c1cnc(cn1)C#N,-0.2787,-0.0885,0.1901,-356.490889,5.172884525362319
gdb_5361,c1c(cncn1)C=O,-0.269,-0.0872,0.1818,-377.573164,4.947030019520618
gdb_5363,c1cnc(nc1)C=O,-0.26,-0.0828,0.1772,-377.569909,4.821857642789073
gdb_5422,Cc1c(cc[nH]1)C=O,-0.2201,-0.0238,0.1963,-362.715175,5.341595120087444
gdb_5455,Cc1ccoc1C#N,-0.2449,-0.0393,0.2056,-361.50481,5.594661012175132
gdb_5488,c1cn(c(n1)N)C=O,-0.2207,-0.043,0.1777,-394.827561,4.835463335912067
gdb_5572,CCc1c(ocn1)N,-0.198,0.0217,0.2198,-379.948771,5.981062696868162
gdb_5605,Cn1cccc1CO,-0.1908,0.0507,0.2415,-363.876713,6.571549778406101
gdb_5617,CCc1cocc1C,-0.2134,0.0281,0.2414,-347.835797,6.568828639781503
gdb_5711,c1coc2c1COC2,-0.217,0.0138,0.2308,-382.543064,6.28038794557403
gdb_5717,c1c2c(co1)NCC2,-0.19,0.0278,0.2178,-362.672603,5.926639924376186
gdb_5789,C1NC1C1=COC=C1,-0.2156,0.0225,0.2381,-362.649106,6.4790310651697425
gdb_5844,CC(C)(C(=O)NC)O,-0.2321,0.0374,0.2695,-402.231985,7.333468593293766
gdb_5893,CCOCC(C)(C)O,-0.2544,0.0785,0.333,-387.335927,9.061391619914005
gdb_5967,CCCC(C)(O)C#N,-0.297,0.0194,0.3164,-365.074451,8.609682608230603
gdb_5968,CCNC(C)(C)C#N,-0.2381,0.0366,0.2747,-345.18518,7.4749678017729035
gdb_6024,CC(O)C(C)(O)C#C,-0.2623,0.0346,0.2969,-384.89156,8.079060576433838
gdb_6208,CC1=CCC(C1)(C)C,-0.2246,0.0357,0.2603,-313.093048,7.083123839830676
gdb_6218,CC1(O)CCC(O)C1,-0.2549,0.0735,0.3284,-386.146461,8.93621924318246
gdb_6265,CC(O)CC(=O)C#N,-0.2864,-0.0859,0.2005,-399.808681,5.455882942320594
gdb_6270,CC(C)NC(=O)C=O,-0.2494,-0.0744,0.175,-401.036842,4.7619925930479
gdb_6335,CC(=O)NC(=N)CO,-0.2561,-0.0114,0.2448,-417.08821,6.661347353017862
gdb_6402,C[NH2+]C(C)CC([O-])=O,-0.2451,0.032,0.2771,-402.227939,7.540275128763275
gdb_6443,CC1CC(O)(C1)C#C,-0.2543,0.0331,0.2874,-347.75257,7.820552407096951
gdb_6543,CC1(CC1)C(C)(C)O,-0.2581,0.067,0.3251,-350.188436,8.846421668570699
gdb_6574,CC12CC(C)(C)C1O2,-0.2426,0.0906,0.3332,-348.976083,9.066833897163201
gdb_6612,CC1(O)CC2(CN2)C1,-0.2384,0.0703,0.3087,-365.016853,8.400154934136495
gdb_6614,CC(C)(C)C1CCC1,-0.2806,0.0762,0.3568,-314.262404,9.709022612568518
gdb_6623,CC#CC#CC(C)O,-0.2333,-0.013,0.2203,-346.552163,5.994668389991156
gdb_6653,CC(=O)NCCC#N,-0.2609,0.0138,0.2747,-379.965945,7.4749678017729035
gdb_6678,C(COC=O)C(=O)N,-0.2631,0.0081,0.2712,-436.98184,7.3797279499119455
gdb_6692,CC(C)N=COC=O,-0.2742,-0.0226,0.2515,-401.016149,6.843663640865982
gdb_6788,C(CNC(=O)N)CO,-0.2434,0.0596,0.303,-418.28152,8.245050032534364
gdb_6813,CC1(C)COC1C#N,-0.278,0.0002,0.2782,-363.85132,7.570207653633862
gdb_6904,CC#CC1CC1(C)O,-0.2272,0.054,0.2812,-347.761235,7.651841812371825
gdb_6924,CC1(O)CC1NC=O,-0.2415,0.026,0.2675,-400.996738,7.27904582080179
gdb_6958,CC1(C)OCOC1=N,-0.2663,0.0232,0.2895,-401.015474,7.877696318213525
gdb_7026,C(C=O)C(=N)NC=O,-0.2522,-0.0353,0.2169,-415.885809,5.902149676754798
gdb_7093,CCCC(=O)CC#C,-0.247,-0.0142,0.2328,-347.784834,6.334810718066007
gdb_7134,CCCC(=O)CCC,-0.2397,-0.0054,0.2343,-350.231937,6.375627797434988
gdb_7305,CC(CC=O)C(N)=O,-0.2502,-0.0213,0.2289,-401.036639,6.228686311706653
gdb_7322,CCCC(=O)C(=O)C,-0.2382,-0.0805,0.1577,-384.973442,4.291235610992308
gdb_7343,CCCC(=O)C(C)C,-0.237,-0.0064,0.2306,-350.231431,6.274945668324833
gdb_7373,CC(=O)N(C)CCO,-0.2411,0.016,0.2571,-402.217179,6.996047403843514
gdb_7435,CC(C)C(=O)N(C)C,-0.2338,0.0347,0.2685,-366.288122,7.3062572070477785
gdb_7465,CC#CC1(COC1)O,-0.2472,0.0283,0.2754,-383.67638,7.494015772145095
gdb_7498,COCC1(C)CCO1,-0.243,0.0777,0.3208,-386.105783,8.72941270771295
gdb_7513,CC1CC1(C)CC#C,-0.2571,0.053,0.3101,-311.82168,8.438250874880879
gdb_7547,CCCC1(O)CC1C,-0.2484,0.0769,0.3253,-350.189698,8.851863945819895
gdb_7634,CC(C)N1CC(=O)C1,-0.2294,-0.0221,0.2073,-365.049459,5.640920368793313
gdb_7646,CC(=O)N1CC(C1)O,-0.2341,0.0327,0.2668,-401.001854,7.259997850429597
gdb_7703,N=C1OC(=O)CC=C1,-0.2734,-0.0529,0.2205,-398.648595,6.000110667240354
gdb_7802,CC1OCCC(=N)O1,-0.2612,0.0167,0.2779,-401.014432,7.562044237760064
gdb_7891,CC1N=C(C)OC1=O,-0.2663,-0.019,0.2472,-399.859582,6.726654680008234
gdb_7916,CC1OC(=N)C=C1N,-0.2121,0.0013,0.2135,-379.948766,5.809630963518438
gdb_7976,CC1CC(C)=CC1O,-0.2404,0.0168,0.2572,-349.018522,6.998768542468113
gdb_8036,CC1CC2(O)COC12,-0.2411,0.06,0.3012,-384.897135,8.196069537291585
gdb_8039,CN1CC2(C)OCC12,-0.2095,0.0764,0.2859,-365.006793,7.779735327727969
gdb_8114,CC1OC2(C)C(O)C12,-0.2293,0.0759,0.3052,-384.894599,8.304915082275539
gdb_8138,CC1=CC2(C)CC2C1,-0.2145,0.0294,0.2439,-311.874417,6.636857105396473
gdb_8201,CC12CC=CC1(C)O2,-0.2391,0.0084,0.2474,-347.801343,6.732096957257431
gdb_8210,CC12CCCC1(C)O2,-0.2459,0.0874,0.3333,-349.015676,9.069555035787799
gdb_8330,CC1CC2(C1)CCC2,-0.2649,0.0879,0.3528,-313.04788,9.600177067584566
gdb_8376,OC1CC11CC(=N)O1,-0.2497,0.0283,0.278,-399.762822,7.564765376384664
gdb_8384,CC1CC2(CC2O)O1,-0.2229,0.0706,0.2935,-384.894867,7.986541863197477
gdb_8391,OC1CC11CC(O)C1,-0.2341,0.0709,0.305,-384.890864,8.299472805026339
gdb_8401,CC(C)C12CN(C1)C2,-0.2227,0.0705,0.2933,-329.04679,7.9810995859482805
gdb_8450,OC12CC(C1)C(=O)C2,-0.2389,-0.0091,0.2298,-383.741135,6.253176559328042
gdb_8483,CC1CC2(C)CC12O,-0.2357,0.0795,0.3153,-348.974484,8.579750083360016
gdb_8580,CC1OC2CC(C2)O1,-0.2413,0.0918,0.3332,-384.917347,9.066833897163201
gdb_8585,N=C1OC23CN(C2)C13,-0.2442,-0.0169,0.2273,-378.54067,6.185148093713072
gdb_8651,OCC(O)(C#C)C#N,-0.2869,-0.0119,0.2749,-398.546746,7.4804100790221
gdb_8666,CCC(C=O)(C=O)O,-0.2547,-0.0659,0.1888,-420.877699,5.137509723242534
gdb_8676,CCC(C)(NC)C#N,-0.2378,0.0346,0.2724,-345.183288,7.41238161340713
gdb_8905,CC(CO)C(C)C#N,-0.2747,0.0349,0.3096,-365.070361,8.424645181757883
gdb_8929,NC(CO)C(O)C#N,-0.2707,0.0234,0.294,-417.043201,8.00014755632047
gdb_8968,C(CC(=O)C#N)C#N,-0.3186,-0.1068,0.2117,-377.545963,5.760650468275659
gdb_9058,OC(CCC#C)C#N,-0.2723,0.0054,0.2777,-362.626457,7.556601960510867
gdb_9059,OC(CCC#N)C#C,-0.2825,0.015,0.2974,-362.629487,8.092666269556831
gdb_9073,CC(CNC=O)C#N,-0.2693,0.0111,0.2804,-379.955807,7.630072703375035
gdb_9171,CCC(=O)OC=NC,-0.2609,-0.0165,0.2444,-401.029285,6.6504627985194675
gdb_9201,C#CCNC(=O)CO,-0.2488,0.0194,0.2683,-399.766367,7.300814929798579
gdb_9260,CC(CO)CCC#N,-0.2768,0.0371,0.3139,-365.070234,8.541654142615632
gdb_9268,CCC(C)OCC#N,-0.2825,0.0126,0.295,-365.064296,8.02735894256646
gdb_9272,COC(C)CCC#C,-0.2493,0.0614,0.3107,-348.957607,8.45457770662847
gdb_9273,COC(C)CCC#N,-0.2674,0.0415,0.3089,-365.067412,8.405597211385693
gdb_9353,CCNCC(=O)OC,-0.2242,0.0151,0.2393,-402.213819,6.511684728664928
gdb_9365,COCCC(=O)OC,-0.2552,0.0151,0.2703,-422.088998,7.355237702290555
gdb_9390,CCOCC(O)C#N,-0.2725,0.0096,0.2821,-400.983691,7.676332059993215
gdb_9395,COCCC(O)C#N,-0.2658,0.0091,0.2749,-400.982198,7.4804100790221
gdb_9414,CCC(C)CCCO,-0.2614,0.0813,0.3427,-351.401293,9.325342066500088
gdb_9484,CC1CCC1(O)C#C,-0.2545,0.0366,0.291,-347.751761,7.918513397582507
gdb_9531,COC1(C)CCC1=O,-0.2236,-0.0252,0.1983,-384.929744,5.396017892579421
gdb_9576,OC1(CC1C#C)C#N,-0.2652,-0.0002,0.265,-361.408015,7.21101735518682
gdb_9587,CC1(CC1C=O)C#C,-0.2469,-0.0296,0.2173,-346.56133,5.913034231253192
gdb_9634,CC1(NC1CO)C#C,-0.2422,0.031,0.2732,-363.789075,7.434150722403921
gdb_9637,CC1(OC1CO)C#N,-0.2849,0.0003,0.2852,-399.774553,7.760687357355778
gdb_9686,CCC1OC1(C)CO,-0.2557,0.0841,0.3398,-386.118638,9.246429046386721
gdb_9713,NC1(CCC=C1)C#N,-0.2524,-0.0075,0.2448,-342.793281,6.661347353017862
gdb_9735,OC1(CCOC1)C#C,-0.2467,0.0311,0.2778,-383.692924,7.559323099135466
gdb_9759,COC1(C)CCC=C1,-0.2422,0.0163,0.2585,-349.000818,7.034143344587898
gdb_9788,CC1(CC1)C(O)C#N,-0.2939,0.0135,0.3074,-363.851329,8.364780132016712
gdb_9836,COC(=O)C1(CC1)O,-0.249,0.0086,0.2576,-420.88279,7.009653096966509
gdb_9865,CC1(CO1)C#CC#N,-0.2839,-0.055,0.2289,-361.419009,6.228686311706653
gdb_9874,CC1(CC1)OCC#N,-0.2691,0.0131,0.2822,-363.840782,7.679053198617813
gdb_10034,CN=C(CC#C)OC,-0.2499,0.0072,0.257,-363.805761,6.993326265218916
gdb_10057,COC(CC#C)C=O,-0.2508,-0.0363,0.2145,-383.688466,5.836842349764425
gdb_10237,CC(=O)C(C#C)C#N,-0.2708,-0.0492,0.2216,-361.441796,6.0300431921109405
gdb_10248,CC(=O)N(C=O)C=O,-0.2626,-0.05,0.2125,-435.787303,5.782419577272449
gdb_10277,CC(=O)C(CO)C#C,-0.2518,-0.0327,0.2191,-383.713274,5.96201472649597
gdb_10282,CCC(C#N)C(N)=O,-0.2667,0.0102,0.2769,-379.96935,7.534832851514077
gdb_10373,C1CNC1(C#N)C#N,-0.2811,-0.0301,0.2509,-357.623724,6.827336809118389
gdb_10400,C1COC1(CO)CO,-0.2429,0.0631,0.306,-422.037621,8.326684191272328
gdb_10433,COC1(COC1)C=O,-0.2516,-0.0423,0.2094,-420.83216,5.698064279909887
gdb_10481,CC#CC1(CO1)C=O,-0.2541,-0.0397,0.2144,-382.487515,5.834121211139827
gdb_10613,CCC1(CO)OC1C,-0.2549,0.0802,0.3351,-386.117519,9.11853553103058
gdb_10632,CCC1(NC1C)C#C,-0.2358,0.0393,0.2751,-327.867961,7.485852356271299
gdb_10644,COC1(CC1N)C#N,-0.2424,0.0144,0.2567,-379.885254,6.9851628493451186
gdb_10681,CC(C)C1(CC1)C#C,-0.2402,0.0549,0.2951,-311.823692,8.030080081191057
gdb_10714,COC1(CC1)C(=O)N,-0.238,0.0284,0.2663,-401.002714,7.2463921573066035
gdb_10721,CC(C)C1(CC1)CO,-0.2614,0.0742,0.3355,-350.1809,9.129420085528974
gdb_10773,CC1C(O)C(=O)C1O,-0.2578,-0.0365,0.2213,-420.864149,6.021879776237144
gdb_10783,CC1C(O)C(O)C1O,-0.2579,0.0576,0.3155,-422.053234,8.585192360609213
gdb_10785,[NH2+]=C1O[CH-]C(=O)C=C1,-0.1784,-0.0673,0.1111,-398.600932,3.0231850119292667
gdb_10800,C1C(=O)OCC(=O)O1,-0.2894,-0.0204,0.269,-455.662649,7.319862900170772
gdb_10811,C1C(=O)COC(=N1)N,-0.2296,-0.0257,0.2039,-415.882186,5.548401655556953
gdb_10842,C1CC(=O)CCC1O,-0.2378,-0.0147,0.223,-384.969857,6.068139132855324
gdb_10946,CC12CN1C(C2)C=O,-0.2432,-0.0272,0.216,-363.821238,5.877659429133407
gdb_11099,C#CC1CN(C1)C=O,-0.2464,0.0201,0.2665,-362.624867,7.251834434555802
gdb_11107,CN=C1CC(O1)C=O,-0.2555,-0.0401,0.2154,-399.786259,5.8613325973858155
gdb_11122,OCC1CC(O1)C#N,-0.2746,-0.0081,0.2665,-399.77424,7.251834434555802
gdb_11138,OCC1CC(CO)C1,-0.2604,0.0731,0.3335,-386.10725,9.074997313036999
gdb_11187,O=C1NCC(N1)C#C,-0.2518,0.0271,0.2788,-378.724138,7.586534485381454
gdb_11276,CC1COC(=N1)C#N,-0.275,-0.0562,0.2188,-378.738009,5.953851310622174
gdb_11329,CN=C1NC(=N)CO1,-0.2366,0.0077,0.2443,-396.001309,6.6477416598948675
gdb_11359,CCC1=CCC(=O)C1,-0.2384,-0.0141,0.2243,-347.838851,6.103513934975108
gdb_11362,CCC1=NCC(=N)N1,-0.2262,0.0047,0.2309,-360.072648,6.283109084198629
gdb_11379,COC1=NCC(C)N1,-0.2138,0.0636,0.2774,-381.133503,7.5484385446370705
gdb_11396,CCC1OC(C)C=C1,-0.2298,0.0178,0.2475,-349.012066,6.73481809588203
gdb_11434,OCC1CC(=O)CN1,-0.2287,-0.0188,0.2099,-401.002502,5.7116699730328815
gdb_11454,CCC1COC(C)=N1,-0.2392,0.0301,0.2693,-365.089157,7.328026316044568
gdb_11479,OCC1CC(O)CO1,-0.2417,0.0639,0.3056,-422.0641,8.315799636773932
gdb_11504,CC(CC1CN1)C#N,-0.257,0.0334,0.2904,-343.966001,7.902186565834914
gdb_11520,OC(CC1CO1)C#C,-0.2647,0.0276,0.2923,-383.663084,7.953888199702292
gdb_11588,CC(=O)CCC1CC1,-0.2407,-0.0072,0.2336,-349.008651,6.356579827062797
gdb_11614,CC(O)C#CC1CN1,-0.238,0.0221,0.26,-363.791494,7.07496042395688
gdb_11643,CN1C2CC1(C2)C#C,-0.2174,0.0296,0.247,-326.604631,6.721212402759035
gdb_11659,OC1C2CC1(O2)C=O,-0.2535,-0.0458,0.2076,-419.595052,5.649083784667109
gdb_11675,COC12CC(C1)C2C,-0.2467,0.098,0.3447,-348.941622,9.379764838992063
gdb_11688,O=C1CC2(NC12)C#N,-0.2667,-0.0512,0.2155,-377.490175,5.864053736010414
gdb_11692,O=C1OC2(CC12)C#C,-0.2651,-0.0181,0.247,-381.290642,6.721212402759035
gdb_11696,O=CC12CC(=O)C1O2,-0.2646,-0.0699,0.1946,-418.440832,5.295335763469264
gdb_11714,OC1CC2(CC12)C#N,-0.2715,0.017,0.2885,-362.638713,7.850484931967537
gdb_11734,CCC12CN1C(=O)C2,-0.2453,-0.0079,0.2374,-363.844066,6.4599830947975505
gdb_11760,C#CC12CC(C1)C=C2,-0.2307,0.0087,0.2394,-309.393086,6.514405867289527
gdb_11779,O=CC12CC(C1)CC2,-0.2447,-0.0207,0.224,-347.800251,6.095350519101312
gdb_11790,CCC12CC(C1)OC2,-0.2343,0.0783,0.3125,-348.980889,8.50355820187125
gdb_11829,CC1CC2(CN2)C1O,-0.2383,0.0642,0.3025,-365.010084,8.23144433941137
gdb_11846,C1CC12CC(C2)C=O,-0.2447,-0.0218,0.2229,-347.779476,6.0654179942307245
gdb_11850,C1CC12CN(C2)C=O,-0.2392,0.026,0.2653,-363.84571,7.219180771060616
gdb_11884,C1CC2(CC2)OC1=O,-0.2617,0.0145,0.2762,-383.769678,7.515784881141886
gdb_11941,CC12CC1(OC2)C=O,-0.2445,-0.0348,0.2097,-383.703583,5.706227695783683
gdb_11945,OC12CC1(NC2)C=O,-0.215,-0.0282,0.1868,-399.744885,5.083086950750558
gdb_11951,CC12CCC1(CO)O2,-0.2495,0.074,0.3235,-384.899516,8.802883450577118
gdb_11964,CC1(C)CCC11CO1,-0.2535,0.0821,0.3356,-348.973602,9.132141224153573
gdb_11967,CC1(C)OCC11CN1,-0.2423,0.0665,0.3088,-365.01438,8.402876072761094
gdb_11970,CC1(O)CCC11CN1,-0.2336,0.0654,0.299,-365.018798,8.136204487550412
gdb_12038,CC1(OC2CC12)C#N,-0.264,0.0088,0.2729,-362.622064,7.425987306530124
gdb_12119,CC1(CO1)C1(C)CO1,-0.2598,0.079,0.3387,-384.893318,9.216496521516135
gdb_12174,CC1C(NC1=O)C=O,-0.2548,-0.0404,0.2144,-399.821895,5.834121211139827
gdb_12218,OC1CN(C=O)C1=N,-0.2593,-0.0357,0.2236,-415.859197,6.084465964602916
gdb_12220,CC1C(O)CC1C=O,-0.2394,-0.0163,0.2232,-384.926365,6.073581410104522
gdb_12270,CN1CC(CO)C1=O,-0.2522,0.0258,0.278,-401.00866,7.564765376384664
gdb_12335,OC1C=CCCC1=O,-0.232,-0.0213,0.2107,-383.755295,5.733439082029672
gdb_12372,CC1=CCOCC1O,-0.2406,0.0162,0.2568,-384.938527,6.987883987969718
gdb_12499,C1CCOC(=O)OC1,-0.2703,0.0276,0.298,-420.907576,8.108993101304423
gdb_12521,OC1C=CC=CC=C1,-0.2258,-0.0435,0.1823,-346.607731,4.960635712643612
gdb_12533,CC1CCC=CCC1,-0.2338,0.0246,0.2584,-313.082777,7.0314222059633
gdb_12551,CC1CCOCC=C1,-0.241,0.0199,0.261,-348.99855,7.102171810202868
gdb_12655,CN1CCC(=O)C1=N,-0.2244,-0.0561,0.1683,-379.950086,4.57967630519978
gdb_12758,OC12CC1NC2C#N,-0.2405,0.0113,0.2518,-378.664807,6.851827056739779
gdb_12781,CCC1CC2OC12C,-0.2425,0.0885,0.331,-348.972076,9.006968847422028
gdb_12817,CC12CC1OCCO2,-0.226,0.0838,0.3098,-384.909025,8.430087459007083
gdb_12915,OC12CCC1C2C=O,-0.2379,-0.021,0.2169,-383.704379,5.902149676754798
gdb_12948,CC1N2CC(=O)C12C,-0.2372,-0.0208,0.2164,-363.834995,5.888543983631803
gdb_12954,NC1C2OC(=N)C12N,-0.2282,0.016,0.2442,-395.92164,6.645020521270269
gdb_12987,CC12NC1CNC2=O,-0.23,0.0282,0.2581,-379.935621,7.0232587900895025
gdb_13007,CC12NC1C=CC2O,-0.2326,0.0028,0.2354,-363.835665,6.405560322305575
gdb_13022,CC1COC2CC12C,-0.2237,0.0805,0.3042,-348.99291,8.27770369602955
gdb_13072,CC#CC1OCC1C,-0.2418,0.03,0.2718,-347.752771,7.3960547816595374
gdb_13112,CCCN1CCC1=O,-0.2387,0.0398,0.2785,-365.084437,7.578371069507658
gdb_13143,COCC1CCC1C,-0.2497,0.083,0.3327,-350.176373,9.053228204040208
gdb_13146,COCC1OCC1C,-0.244,0.0702,0.3142,-386.099392,8.549817558489428
gdb_13187,OC(C=O)C1CCC1,-0.2702,-0.0369,0.2334,-384.929441,6.351137549813599
gdb_13219,OCC(O)C1CCC1,-0.2536,0.061,0.3146,-386.113535,8.560702112987824
gdb_13252,C1C(CO1)CCC=O,-0.2519,-0.0255,0.2264,-384.91516,6.1606578460916825
gdb_13302,N#CCC1CN=CO1,-0.2677,0.0058,0.2735,-378.740778,7.442314138277719
gdb_13412,COCC1CCCO1,-0.244,0.0838,0.3278,-386.126863,8.919892411434866
gdb_13459,CCOC1C(O)C1O,-0.2288,0.0604,0.2891,-422.02842,7.866811763715131
gdb_13468,CC(=O)C1COC1=O,-0.2661,-0.0375,0.2286,-419.713007,6.220522895832857
gdb_13511,CC1CCC1C(C)=O,-0.2379,-0.0108,0.2271,-349.012541,6.1797058164638745
gdb_13533,CC(C#C)C1CN1C,-0.2254,0.05,0.2754,-327.849838,7.494015772145095
gdb_13568,CN1CC1C(O)C=O,-0.2372,-0.0418,0.1954,-400.956873,5.317104872466055
gdb_13597,CCC(=O)C1NC1C,-0.2375,-0.014,0.2235,-365.052356,6.081744825978318
gdb_13715,CCCCC1CN1C,-0.2197,0.0839,0.3036,-330.292435,8.261376864281957
gdb_13732,OCCOC1CC1O,-0.2458,0.0676,0.3134,-422.026075,8.528048449492639
gdb_13866,[O-]C(=O)C1CC[NH2+]C1,-0.248,0.029,0.277,-401.034008,7.537553990138677
gdb_13896,CC(C)C1C(O)C1O,-0.2341,0.0457,0.2798,-386.110504,7.613745871627442
gdb_13905,CC1C(C)N1C(N)=O,-0.2377,0.0455,0.2832,-381.133086,7.706264584863802
gdb_13928,C1CC2(C1)COC2=O,-0.2668,0.0095,0.2763,-383.747587,7.518506019766484
gdb_13990,OCCC12CC1OC2,-0.2316,0.0735,0.3051,-384.875841,8.302193943650938
gdb_14085,OC1CC11CCC1=O,-0.2356,-0.018,0.2177,-383.721094,5.923918785751588
gdb_14103,CC1OCC11CC1O,-0.2383,0.0715,0.3099,-384.890509,8.43280859763168
gdb_14146,CC1CC11CCCC1,-0.2527,0.0902,0.3429,-313.071421,9.330784343749285
gdb_14153,CN1CC11CCOC1,-0.2296,0.085,0.3146,-365.023478,8.560702112987824
gdb_14206,CC12CC3CC1C23C,-0.2279,0.0937,0.3215,-311.824647,8.748460678085141
gdb_14267,C1C2CCC=CC1O2,-0.2369,0.0112,0.2481,-347.786977,6.751144927629622
gdb_14319,O=C1NC2CCC2=C1,-0.2413,-0.0277,0.2135,-362.674835,5.809630963518438
gdb_14385,CC1(O)C2C3C1CN23,-0.2343,0.0673,0.3016,-363.785776,8.20695409178998
gdb_14530,OC1(CC1)C1CCO1,-0.2383,0.0705,0.3088,-384.889164,8.402876072761094
gdb_14539,NC1(C#N)C2CNC12,-0.2305,0.0192,0.2497,-358.782927,6.794683145623203
gdb_14562,C#CC#CC#CC#C,-0.2383,-0.0774,0.1609,-305.761467,4.3783120469794685
gdb_14569,C#CCCC#CC#C,-0.2463,-0.0168,0.2295,-308.173329,6.245013143454246
gdb_14588,C(C=O)C#CCC#N,-0.2646,-0.0404,0.2241,-361.442108,6.09807165772591
gdb_14674,CCC#CCOC=O,-0.2666,0.0019,0.2685,-383.724308,7.3062572070477785
gdb_14698,CCCC#CCCC,-0.2381,0.0615,0.2997,-313.050695,8.155252457922604
gdb_14711,CCCN=COCC,-0.2402,0.0297,0.2699,-366.254026,7.34435314779216
gdb_14712,CCOC=NCCO,-0.2453,0.0128,0.2581,-402.182513,7.0232587900895025
gdb_14719,C#CC#CCCCO,-0.2407,-0.009,0.2316,-346.536572,6.302157054570821
gdb_14736,COC=NCCCO,-0.245,0.0269,0.2719,-402.168452,7.3987759202841366
gdb_14786,C(CO)COCC=O,-0.2569,-0.0275,0.2294,-422.051941,6.242292004829647
gdb_14885,C#CC1=CCOCC1,-0.2304,-0.0183,0.2121,-346.57173,5.771535022774055
gdb_14895,C#CC1COC=NC1,-0.2479,0.0205,0.2684,-362.628664,7.303536068423179
gdb_14994,OCC1OCCC=C1,-0.2468,0.0147,0.2615,-384.933627,7.115777503325862
gdb_15044,CCC(C#C)C1CO1,-0.2577,0.0493,0.307,-347.739295,8.353895577518315
gdb_15094,C1CN1C(CO)CO,-0.2302,0.0709,0.3012,-402.140897,8.196069537291585
gdb_15097,C#CC#CCC1CO1,-0.2444,-0.0145,0.2298,-345.314215,6.253176559328042
gdb_15130,C1CC1C#CCC=O,-0.238,-0.026,0.2119,-346.562897,5.766092745524857
gdb_15150,CC#CC#CC1CN1,-0.2225,-0.0137,0.2087,-325.446977,5.679016309537695
gdb_15183,CCCCCN1CC1,-0.2292,0.09,0.3192,-330.293839,8.68587448971937
gdb_15237,CNC1C(N)C1C#N,-0.2229,0.0245,0.2475,-360.010488,6.73481809588203
gdb_15270,COC1C(C)C1CO,-0.2445,0.0711,0.3156,-386.098432,8.587913499233812
gdb_15272,COC1C(O)C1CO,-0.2436,0.0617,0.3054,-422.022437,8.310357359524735
gdb_15315,N=COC1CC1C=O,-0.2539,-0.0298,0.224,-399.77482,6.095350519101312
gdb_15393,COCC1OC1C#C,-0.2575,0.0168,0.2743,-383.653977,7.464083247274508
gdb_15414,OCCC1CN1C=O,-0.2515,0.0019,0.2533,-400.973253,6.8926441361087605
gdb_15430,CCCC1OC1CO,-0.2613,0.0798,0.341,-386.109894,9.279082709881909
gdb_15482,O=C1OCOC1C#N,-0.3044,-0.035,0.2693,-434.560268,7.328026316044568
gdb_15498,N=CN1CC=CC1=O,-0.2395,-0.0428,0.1967,-378.75313,5.352479674585839
gdb_15605,OC1CCOC1C=O,-0.2508,-0.0456,0.2052,-420.873458,5.583776457676737
gdb_15612,CN=C1C(=O)CCO1,-0.2485,-0.0635,0.185,-399.816013,5.0341064555077795
gdb_15635,CCC1=CCOC1C,-0.2242,0.0242,0.2484,-349.011118,6.759308343503419
gdb_15651,OCC1N=COC1=O,-0.2785,-0.0378,0.2407,-435.766805,6.549780669409311
gdb_15711,CC1OCOC1CO,-0.2519,0.0775,0.3294,-422.064593,8.963430629428448
gdb_15741,C1CN1C(=N)NC=O,-0.2424,-0.0109,0.2315,-395.972204,6.299435915946222
gdb_15746,N=CNC(=O)C1CN1,-0.2628,-0.0289,0.2339,-395.982068,6.364743242936592
gdb_15748,C1CN1C(=O)NC=N,-0.254,-0.0083,0.2457,-395.9844,6.6858376006392515
gdb_15811,CCOC(=N)C1CO1,-0.2637,0.0163,0.28,-400.975187,7.61918814887664
gdb_15877,CC1CN(C)C1C=O,-0.2244,-0.0283,0.1961,-365.038375,5.3361528428382465
gdb_15881,CC1CC(=O)C1CO,-0.2476,-0.0286,0.219,-384.938213,5.959293587871372
gdb_15884,CC1OC(=O)C1CO,-0.2761,0.0021,0.2781,-420.893793,7.5674865150092625
gdb_15919,C#CC12COC1CN2,-0.2306,0.0187,0.2493,-362.563518,6.783798591124808
gdb_15925,N#CC12CCC1OC2,-0.2678,0.0069,0.2747,-362.633239,7.4749678017729035
gdb_16049,OC1C2COC12C#N,-0.2659,-0.0188,0.2471,-398.545545,6.7239335413836345
gdb_16056,CC1N2CCC12C=O,-0.2403,-0.0307,0.2095,-363.821235,5.700785418534486
gdb_16095,C#CC12CC1OC=N2,-0.2463,0.0046,0.251,-361.410094,6.830057947742988
gdb_16099,N#CC12CC1CC=C2,-0.2518,-0.0049,0.2469,-325.534637,6.718491264134437
gdb_16107,C#CC12CC1COC2,-0.2439,0.0443,0.2882,-346.554723,7.842321516093741
gdb_16190,C1CC12CC=CC2=O,-0.237,-0.0418,0.1952,-346.625875,5.311662595216858
gdb_16326,OCC12CC1OC2=O,-0.2764,-0.005,0.2714,-419.654735,7.385170227161142
gdb_16357,CC1OC(=N)C11CN1,-0.2553,0.0162,0.2715,-379.883428,7.387891365785742
gdb_16365,OC1CC(=O)C11CO1,-0.2432,-0.0411,0.2021,-419.638948,5.499421160314174
gdb_16410,O=C1OCC2CC1O2,-0.2502,-0.0035,0.2467,-419.680247,6.713048986885239
gdb_16444,CC12CN1C1COC21,-0.2284,0.0559,0.2843,-363.775723,7.7361971097343885
gdb_16500,CC12CN1C1CC2C1,-0.2257,0.0988,0.3245,-327.868263,8.830094836823106
gdb_16549,C1C2OC=NC1C=C2,-0.2428,-0.0063,0.2365,-362.665313,6.435492847176161
gdb_16566,C1CC2CC1CCC2,-0.2861,0.0753,0.3614,-313.101518,9.834194989300062
gdb_16576,C1OC2CC1OCC2,-0.2411,0.0825,0.3236,-384.942961,8.805604589201716
gdb_16590,OC1C2C1C(=O)C2O,-0.2401,-0.0171,0.223,-419.639325,6.068139132855324
gdb_16639,OC1C2CC2OC1=O,-0.27,-0.0065,0.2635,-419.688015,7.170200275817838
gdb_16673,OC1CC2OC2C1O,-0.2521,0.0749,0.3271,-420.858212,8.900844441062674
gdb_16708,CC1CC2OC1C2=O,-0.2487,-0.0149,0.2338,-383.723612,6.362022104311994
gdb_16715,C#CC1=CC2NC2C1,-0.2231,-0.0232,0.2,-325.470223,5.4422772491976
gdb_16721,N#CC1=CC2OC2C1,-0.269,-0.0609,0.2081,-361.458207,5.662689477790103
gdb_16857,N=C1CN2CC2CO1,-0.2391,0.0219,0.261,-379.895222,7.102171810202868
gdb_16881,O=C1COC2CC2O1,-0.2535,0.0024,0.256,-419.673657,6.9661148789729275
gdb_16887,CC1=CC2CC2OC1,-0.2152,0.0209,0.2361,-347.787256,6.424608292677767
gdb_16987,C1OC23CN(CC2)C13,-0.2222,0.0383,0.2605,-363.704476,7.088566117079874
gdb_16996,C1C23COC12C=CC3,-0.222,0.0065,0.2285,-346.542248,6.217801757208258
gdb_17014,C#CC1C2OC1C2=O,-0.2615,-0.0228,0.2387,-381.226057,6.495357896917335
gdb_17067,OCC1C2CC1C2O,-0.2573,0.0662,0.3234,-384.86314,8.80016231195252
gdb_17149,N#CC12CC3C1CC23,-0.2983,0.0208,0.3191,-325.460328,8.68315335109477
gdb_17222,C#CC12OC3CC1C23,-0.2288,0.0162,0.245,-345.289342,6.6667896302670595
gdb_17278,CC1OC1CN1CC1,-0.234,0.0907,0.3247,-364.999245,8.835537114072302
gdb_17279,CN1CC1CC1CC1,-0.22,0.0861,0.3061,-329.069473,8.329405329896925
gdb_17300,OC12CCC1C1OC21,-0.2464,0.0657,0.3121,-383.663317,8.492673647372854
gdb_17382,CC(O)C1OC2CC12,-0.2364,0.0665,0.3029,-384.882732,8.242328893909765
gdb_17435,CC1C2C3N2CC13O,-0.2276,0.0605,0.2881,-363.783016,7.839600377469143
gdb_17440,OC1C2C3N2CC13O,-0.2412,0.0609,0.3021,-399.713067,8.220559784912973
gdb_17598,CC(=O)C(=O)C1CO1,-0.245,-0.0789,0.1661,-419.666632,4.519811255458607
gdb_17599,CC(=O)C(=O)N1CC1,-0.2403,-0.0671,0.1732,-399.801156,4.713012097805121
gdb_17674,CC1CC1(O)C1CC1,-0.2419,0.0832,0.3251,-348.968374,8.846421668570699
gdb_17692,C1NC1C12CC(C1)O2,-0.2316,0.0689,0.3005,-363.753072,8.177021566919393
gdb_17747,CC12CN3C4C(C14)C23,-0.2145,0.0803,0.2948,-326.626366,8.021916665317262
gdb_17758,CC12C3C4C3C1(O)C24,-0.2155,0.0734,0.2889,-346.482869,7.861369486465932
gdb_17850,C1C2CN1C21COC1,-0.2377,0.0694,0.3071,-363.744722,8.356616716142915
gdb_17854,C1CC2(O1)C1COC21,-0.2155,0.0578,0.2734,-383.652736,7.439592999653118
gdb_17874,O=C1C2CC1OCC2,-0.2245,-0.0205,0.204,-383.726785,5.551122794181551
gdb_17906,O=C1C2CCC1OC2,-0.2286,-0.0221,0.2065,-383.750357,5.619151259796522
gdb_17921,OC1C2CCC1CC2,-0.2475,0.0625,0.31,-349.018783,8.43552973625628
gdb_17928,OC12C3CC1CC2C3,-0.2302,0.0747,0.3049,-347.754884,8.296751666401741
gdb_17962,C1COCC=CC=C1,-0.2185,-0.0137,0.2048,-347.792259,5.572891903178342
gdb_18019,COC1CN2CCC12,-0.2099,0.0677,0.2776,-364.992099,7.553880821886269
gdb_18050,C1CC2COCCC12,-0.2412,0.08,0.3211,-348.992624,8.737576123586747
gdb_18224,O=CC1CCC2CC12,-0.2412,-0.0165,0.2247,-347.809067,6.114398489473504
gdb_18299,OC1C2CCCOC12,-0.2331,0.0708,0.304,-384.912322,8.272261418780351
gdb_18382,C1C2CCC=CCC12,-0.232,0.028,0.26,-311.861067,7.07496042395688
gdb_18432,CC1CC2C(C#C)C12,-0.2414,0.0492,0.2905,-310.598835,7.9049077044595135
gdb_18502,O=CCC1CN2CC12,-0.2399,-0.027,0.2129,-363.80972,5.793304131770845
gdb_18560,O=C1CC2OCCC12,-0.2397,-0.0284,0.2113,-383.745574,5.749765913777264
gdb_18586,CC1CC2CCC=C12,-0.2202,0.0267,0.2469,-311.853562,6.718491264134437
gdb_18609,OC1C2C=CC(=O)C12,-0.2431,-0.0614,0.1817,-382.540071,4.94430888089602
gdb_18730,OC1CCCC2OC12,-0.2594,0.0804,0.3398,-384.930365,9.246429046386721
gdb_18812,N=C1OC2C3NC1C23,-0.2297,0.0148,0.2445,-378.663117,6.653183937144066
gdb_18864,CC1C2C3CC=C1C23,-0.206,-0.026,0.18,-310.563501,4.898049524277839
gdb_18905,CC12C3CC1C1C3N21,-0.225,0.0865,0.3116,-326.643235,8.47906795424986
gdb_18979,C1C2C3OCCN2C13,-0.213,0.0916,0.3046,-363.780946,8.288588250527944
gdb_18998,N=C1OC2C3OC2C13,-0.254,0.0039,0.2579,-398.529261,7.017816512840305
gdb_19007,O=C1OC2C3NC2C13,-0.2481,-0.0095,0.2386,-398.554191,6.492636758292737
gdb_19020,CC1C2C1C1OCC21,-0.2426,0.0676,0.3102,-347.734199,8.440972013505476
gdb_19073,C1C2OC3CC(C3)C12,-0.2294,0.0838,0.3133,-347.7632,8.525327310868041
gdb_19120,C#CC1(CC1)C1OC1,-0.2461,0.047,0.2931,-346.520887,7.975657308699083
gdb_19127,C#CC1(CO1)C1CO1,-0.2653,0.0161,0.2815,-382.440303,7.660005228245621
gdb_19131,C1CC1(C#N)N2CC2,-0.2593,0.0224,0.2817,-342.741928,7.66544750549482
gdb_19252,CC1C2CC2N1C=O,-0.2317,0.0299,0.2616,-363.842914,7.118498641950461
gdb_19271,COC1C2CN2C1=N,-0.2369,-0.001,0.2359,-379.848538,6.419166015428569
gdb_19276,OCC1C2CN2C1=O,-0.2537,-0.0238,0.2298,-399.759522,6.253176559328042
gdb_19292,COC1C2CC2C1O,-0.2421,0.0729,0.315,-384.886629,8.57158666748622
gdb_19309,C(OC1CC1)C1CN1,-0.244,0.081,0.325,-364.993567,8.8437005299461
gdb_19313,C1CC1C#CC1CO1,-0.2387,0.0249,0.2636,-346.525861,7.1729214144424365
gdb_19336,N#CC12NC1C1NC21,-0.2302,-0.0006,0.2296,-357.53103,6.247734282078844
gdb_19444,C1CC11OCC11CN1,-0.2279,0.065,0.2929,-363.7834,7.970215031449885
gdb_19476,CCC1C2CC1CC2,-0.2792,0.0896,0.3688,-313.058916,10.035559247520375
gdb_19537,C#CC12C3CC1CC23,-0.2231,0.0375,0.2607,-309.380515,7.094008394329071
gdb_19544,N#CC12C3CC1OC23,-0.261,0.0017,0.2628,-361.39785,7.151152305445645
gdb_19685,O=CC1C2CC3C2N13,-0.2469,-0.0292,0.2177,-362.585452,5.923918785751588
gdb_19694,COC1C2C3CC1N23,-0.2458,0.0685,0.3144,-363.782055,8.555259835738628
gdb_19727,C1OC2OC1C1NC21,-0.2407,0.0741,0.3148,-399.754276,8.566144390237023
gdb_19750,O=C1C2C3CC1OC23,-0.2268,-0.0193,0.2074,-382.538832,5.643641507417911
gdb_19778,O=C1C2CC2C2OC12,-0.2417,-0.0379,0.2039,-382.516456,5.548401655556953
gdb_19849,C1C2C1C1=CCOC21,-0.2278,0.0041,0.2319,-346.534297,6.3103204704446165
gdb_19874,CC1C2C3OC3CN12,-0.2187,0.0649,0.2836,-363.806457,7.717149139362197
gdb_19914,COC1C2C3NC3C12,-0.1989,0.0665,0.2654,-363.734907,7.221901909685216
gdb_19941,C1OC2CC3OC3C12,-0.2413,0.081,0.3222,-383.702851,8.767508648457333
gdb_19983,C#CC1CN1C1CC1,-0.2309,0.0344,0.2653,-326.632415,7.219180771060616
gdb_20019,CCC1NC1C1CO1,-0.2465,0.0727,0.3192,-365.004349,8.68587448971937
gdb_20053,C1NC1C1CN=CO1,-0.2457,0.0258,0.2715,-379.893597,7.387891365785742
gdb_20213,C1OC2OCC3C1C23,-0.2506,0.0766,0.3271,-383.729771,8.900844441062674
gdb_20271,C1C2C3OC4C2C1C34,-0.2371,0.079,0.3161,-346.53669,8.601519192356806
gdb_20300,C1CN1C1C2CCC12,-0.2332,0.0893,0.3225,-327.850904,8.77567206433113
gdb_20397,c1c2c(on1)OCC2,-0.2207,0.0051,0.2258,-398.573792,6.144331014344091
gdb_20403,c1c2c(no1)NCC2,-0.2207,0.004,0.2248,-378.703986,6.117119628098102
gdb_20459,C1c2c(nn[nH]2)CN1,-0.2335,-0.0025,0.2311,-374.874016,6.288551361447826
gdb_20486,C1Oc2c(non2)O1,-0.2651,-0.0408,0.2243,-450.510393,6.103513934975108
gdb_20518,CC(=O)c1conn1,-0.2685,-0.0667,0.2018,-414.649216,5.491257744440379
gdb_20590,Cc1c(nno1)C=O,-0.2684,-0.065,0.2034,-414.644735,5.534795962433959
gdb_20615,Cc1c([nH]nn1)C#N,-0.277,-0.0584,0.2186,-373.71442,5.948409033372976
gdb_20649,Cc1cc(n[nH]1)CO,-0.229,0.0266,0.2555,-379.933853,6.952509185849934
gdb_20686,CC1=NC(=N)ON=C1,-0.2561,-0.092,0.164,-394.75131,4.462667344342032
gdb_20687,CC1=NC(=N)ON=N1,-0.271,-0.1127,0.1582,-410.786784,4.3048413041153015
gdb_20756,Cc1cnc(=O)on1,-0.2754,-0.1088,0.1666,-414.650828,4.533416948581601
gdb_20757,Cc1c(noc1C)C,-0.2373,0.005,0.2422,-363.87637,6.590597748778293
gdb_20852,CCc1c(n[nH]n1)O,-0.2302,0.0038,0.234,-395.985257,6.367464381561192
gdb_20879,CCCc1ncon1,-0.2886,-0.0221,0.2665,-379.92588,7.251834434555802
gdb_20918,CCn1nc(nn1)N,-0.2295,-0.0108,0.2188,-392.149617,5.953851310622174
gdb_20948,CCNc1nnon1,-0.2478,-0.0559,0.1919,-411.977898,5.2218650206050965
gdb_20977,CN(C)c1cn[nH]n1,-0.1988,0.0079,0.2067,-376.086182,5.624593537045719
gdb_21000,Cn1cc(cn1)C=O,-0.2462,-0.0379,0.2084,-378.7484,5.670852893663899
gdb_21094,Cn1nnc(=O)nn1,-0.2508,-0.1012,0.1496,-426.810932,4.070823382399805
gdb_21173,CNc1cc(n[nH]1)N,-0.1839,0.0504,0.2343,-376.103568,6.375627797434988
gdb_21198,CNc1ncnnn1,-0.2392,-0.0722,0.1671,-390.941346,4.5470226417045945
gdb_21206,Cc1[nH]nc(n1)NC,-0.1977,0.0288,0.2265,-376.128353,6.163378984716282
gdb_21216,CNC1=NOC(=N)N1,-0.2131,0.034,0.2471,-412.021123,6.7239335413836345
gdb_21315,COCc1cc[nH]n1,-0.241,0.0246,0.2656,-379.919127,7.227344186934412
gdb_21385,c1c2c([nH]n1)nco2,-0.2381,-0.0236,0.2145,-393.586335,5.836842349764425
gdb_21399,N=C1NC(=N)C=NO1,-0.2577,-0.0746,0.183,-410.816182,4.9796836830158036
gdb_21412,N=C1NC=NNC1=O,-0.2313,-0.0378,0.1935,-410.856519,5.265403238598678
gdb_21420,N=C1NN=NC(=N)N1,-0.2573,-0.0774,0.1798,-406.994221,4.892607247028642
gdb_21472,N=COC1=NNN=C1,-0.2519,-0.0205,0.2314,-410.82392,6.296714777321623
gdb_21490,c1nc(no1)C(=N)N,-0.2462,-0.0477,0.1985,-410.832974,5.401460169828618
gdb_21495,c1cnoc1C(=O)N,-0.2687,-0.0545,0.2142,-414.679486,5.82867893389063
gdb_21528,c1c(c(on1)CO)N,-0.2121,-0.0099,0.2023,-415.830134,5.5048634375633725
gdb_21532,C#Cc1c([nH]nn1)N,-0.2167,0.0028,0.2195,-373.658393,5.9728992809943655
gdb_21558,NC1=CC(=N)ON=C1,-0.2171,-0.058,0.1592,-394.756819,4.33205269036129
gdb_21610,NC1=NC(=N)N=NN1,-0.241,-0.0624,0.1785,-406.992012,4.857232444908858
gdb_21612,NC1=NC(=N)NN=N1,-0.2339,-0.0702,0.1637,-407.008631,4.4545039284682355
gdb_21653,c1c([nH]nc1N)CO,-0.2008,0.0234,0.2242,-395.98554,6.100792796350509
gdb_21710,C(=Nc1n[nH]nn1)N,-0.2257,-0.0116,0.2141,-407.005562,5.825957795266031
gdb_21740,c1coc2c1cno2,-0.2361,-0.0152,0.2209,-397.378715,6.0109952217387494
gdb_21762,c1noc2n1nnn2,-0.3049,-0.0761,0.2289,-425.614221,6.228686311706653
gdb_21780,C1Cn2c1noc2=O,-0.2523,-0.0054,0.2468,-414.631783,6.715770125509838
gdb_21800,c1c[nH]nc1CC=O,-0.2412,-0.0215,0.2197,-378.744093,5.978341558243564
gdb_21811,c1nnnn1CC=O,-0.2867,-0.0626,0.2241,-410.810617,6.09807165772591
gdb_21886,C1Cn2c1nc(n2)O,-0.2278,0.0171,0.2449,-394.760734,6.664068491642461
gdb_22061,CC(=NO)COC(=O)C,-0.2477,0.011,0.2588,-476.20903,7.042306760461694
gdb_22118,CC(CO)CC(C)=NO,-0.2401,0.0143,0.2544,-441.437371,6.922576660979347
gdb_22221,CC(=NO)C(O)CC=O,-0.2498,-0.0189,0.2309,-476.175877,6.283109084198629
gdb_22236,CCCC(=NO)C(C)C,-0.2386,0.0205,0.2591,-405.513093,7.05047017633549
gdb_22297,C1C(=NO)CNCC1=O,-0.2207,-0.0263,0.1945,-455.109262,5.292614624844666
gdb_22330,C1C(=O)C=C(C1=NO)N,-0.223,-0.0541,0.1688,-453.943052,4.593281998322774
gdb_22386,CC12CC(C1)CC2=NO,-0.2347,0.0243,0.259,-403.100097,7.047749037710892
gdb_22392,CC(CC1CCO1)=NO,-0.2348,0.0168,0.2516,-440.217704,6.84638477949058
gdb_22403,CC#CC1CC(C1)=NO,-0.243,0.0063,0.2493,-401.863676,6.783798591124808
gdb_22493,CCCCC(=NO)C#C,-0.2391,-0.0294,0.2097,-403.071447,5.706227695783683
gdb_22554,CC(=NO)C1(CN1)C#C,-0.2377,-0.012,0.2257,-417.891125,6.1416098757194915
gdb_22606,CC1C(=NO)C2NC12C,-0.2259,0.0099,0.2358,-419.115398,6.41644487680397
gdb_22624,CC12CC(OC1)C2=NO,-0.2391,0.0075,0.2466,-439.003523,6.710327848260641
gdb_22694,CC(=NO)COC1CC1,-0.2442,0.0074,0.2516,-440.20769,6.84638477949058
gdb_22701,ON=C1C2CC1(C2)C=O,-0.2445,-0.0374,0.207,-437.774877,5.632756952919515
gdb_22713,ON=C1CC2(NC12)C#C,-0.2307,-0.0074,0.2233,-416.669307,6.07630254872912
gdb_22731,ON=C1CC2(CN2)C1O,-0.2473,-0.0107,0.2366,-455.035601,6.43821398580076
gdb_22742,ON=C1CC2(CN2)C=C1,-0.2187,-0.0323,0.1863,-417.944864,5.069481257627564
gdb_22763,CC1NC(C#C)C1=NO,-0.2392,-0.004,0.2353,-417.889742,6.402839183680976
gdb_22769,CC1CC(C=O)C1=NO,-0.245,-0.0271,0.218,-439.034847,5.932082201625383
gdb_22801,ON=C1COCOC1=N,-0.2565,-0.0456,0.2108,-491.022994,5.73616022065427
gdb_22814,CC1C=CCCC1=NO,-0.2381,0.0144,0.2525,-403.121381,6.870875027111969
gdb_22828,CC1OCCCC1=NO,-0.2442,0.0076,0.2518,-440.249084,6.851827056739779
gdb_22940,CC12OC1CCC2=NO,-0.2439,0.0014,0.2454,-439.040612,6.677674184765455
gdb_22970,C#CC(=NO)C1COC1,-0.2455,-0.04,0.2055,-437.76781,5.591939873550533
gdb_23006,CN1CC1C(=NO)C#C,-0.2285,-0.0445,0.184,-417.881072,5.006895069261792
gdb_23036,CC(=NO)C1COC=N1,-0.25,0.0026,0.2525,-455.107425,6.870875027111969
gdb_23048,C1CC2(C1=NO)COC2,-0.2471,-0.007,0.2401,-438.995525,6.533453837661718
gdb_23094,ON=C1CC=CC1C#N,-0.2625,-0.0164,0.2461,-416.779398,6.696722155137647
gdb_23207,CC1CC(=NO)C11CC1,-0.2279,0.0077,0.2355,-403.079133,6.408281460930174
gdb_23208,CC1CC(=NO)C11CN1,-0.2331,-0.0006,0.2325,-419.11718,6.32664730219221
gdb_23238,ON=C1C(O)C2CCC12,-0.2458,-0.0076,0.2383,-439.000902,6.484473342418941
gdb_23248,ON=C1C2CC2OC1=N,-0.2444,-0.0452,0.1991,-453.885845,5.417787001576211
gdb_23253,ON=C1CC2NC2C1=O,-0.2316,-0.0639,0.1677,-453.884071,4.563349473452187
gdb_23274,CC1CC2OC2C1=NO,-0.2465,-0.0034,0.2431,-439.03228,6.615087996399683
gdb_23317,ON=C1CN2CC2C=C1,-0.2182,-0.0372,0.181,-417.942173,4.925260910523828
gdb_23373,CC(=NO)C(O)C1CO1,-0.2485,0.0063,0.2547,-476.142869,6.930740076853143
gdb_23421,ON=C1CNC2COC12,-0.2318,-0.0091,0.2227,-455.065816,6.059975716981528
gdb_23455,ON=C1CCC2C(O)C12,-0.2255,0.0138,0.2393,-439.032149,6.511684728664928
gdb_23604,ON=C1CCC1C1CO1,-0.2479,-0.0001,0.2477,-438.994853,6.740260373131227
gdb_23663,c1cnc(nc1F)N,-0.2338,-0.0258,0.208,-418.874058,5.659968339165504
gdb_23669,c1c(cncc1F)F,-0.261,-0.0399,0.2211,-446.693908,6.016437498987946
gdb_23672,c1cnc(cc1F)F,-0.2704,-0.0322,0.2383,-446.706765,6.484473342418941
gdb_23817,c1c(=O)c(con1)F,-0.267,-0.081,0.186,-458.530241,5.061317841753768
gdb_23834,c1nc(c(=O)[nH]n1)F,-0.2656,-0.0832,0.1824,-454.764104,4.963356851268212
gdb_23842,c1cc(n[nH]c1=O)F,-0.2447,-0.0755,0.1692,-438.713896,4.6041665528211695
gdb_23878,OC(C=O)C(F)(F)F,-0.299,-0.0617,0.2373,-566.037627,6.457261956172952
gdb_23924,C1CC(C1)C(F)(F)F,-0.3185,0.0809,0.3994,-494.162438,10.868227666647606
gdb_23981,c1c(coc1C#N)C#N,-0.2787,-0.0746,0.2042,-414.451619,5.556565071430749
gdb_24000,C#Cc1ccc2n1CC2,-0.1938,0.0065,0.2004,-363.579362,5.453161803695995
gdb_24138,c1cc([nH]c1)OC2CC2,-0.1801,0.0615,0.2416,-401.946576,6.5742709170307005
gdb_24140,c1c([nH]cn1)OC2CC2,-0.1994,0.0448,0.2442,-418.004893,6.645020521270269
gdb_24179,c1cncn2c1ncc2,-0.2231,-0.0426,0.1805,-395.801055,4.911655217400834
gdb_24372,c1coc2c1OCC=C2,-0.1869,-0.0236,0.1633,-420.645276,4.44361937396984
gdb_24461,c1nc2c(o1)COCO2,-0.2232,-0.0049,0.2183,-473.831907,5.94024561749918
gdb_24483,c1c-2ncnc2nco1,-0.2635,-0.0831,0.1803,-431.70555,4.906212940151636
gdb_24661,C1NC1C1=NC=CN=C1,-0.2402,-0.044,0.1962,-396.939102,5.338873981462846
gdb_24854,N=C1NC(=O)N=CC=N1,-0.2671,-0.11,0.1571,-448.946213,4.274908779244714
gdb_24870,c1(=O)[nH]c(=O)[nH]c(=O)[nH]1,-0.2836,-0.0154,0.2681,-506.081037,7.295372652549383
gdb_24931,N=C1OC2=C(O1)N=CN2,-0.2083,0.0077,0.216,-468.806606,5.877659429133407
gdb_24971,N=C1NC2=C(CCN2)O1,-0.1754,0.0499,0.2253,-434.063488,6.130725321221096
gdb_24978,N=C1OC2=C(COC2)O1,-0.2209,0.0227,0.2436,-473.805111,6.6286936895226765
gdb_25028,c1c([nH]c(=O)o1)N2CC2,-0.2052,0.0323,0.2375,-453.951509,6.46270423342215
gdb_25034,O=C1NC=C(O1)C1CN1,-0.2138,0.0111,0.2249,-453.961912,6.1198407667227
gdb_25077,c1c2n(c(=O)[nH]1)CC=C2,-0.1837,-0.0208,0.1629,-416.868705,4.432734819471444
gdb_25158,N=C1OC=CN1CC#C,-0.1945,0.0267,0.2212,-416.776461,6.019158637612546
gdb_25333,c1c[nH]c(cc1=O)C=O,-0.2314,-0.0885,0.1429,-436.750426,3.888507094551685
gdb_25350,c1coc(=O)nc1C=O,-0.2774,-0.1205,0.1569,-472.670952,4.269466501995518
gdb_25380,c1c(n2c(n1)CC2)C=O,-0.2383,-0.0486,0.1897,-416.8155,5.161999970863923
gdb_25393,c1cnc(=O)oc1C=O,-0.2821,-0.1238,0.1583,-472.66634,4.3075624427399
gdb_25398,c1nc([nH]c(=O)n1)C=O,-0.2795,-0.1248,0.1547,-468.867505,4.2096014522543435
gdb_25466,c1ccn(c(=O)c1)C=O,-0.2387,-0.0786,0.1601,-436.766442,4.356542937982678
gdb_25680,CC#CC1=CNC(=N)O1,-0.189,-0.0114,0.1776,-416.804242,4.832742197287469
gdb_25706,CC#CCc1[nH]ccn1,-0.2142,0.0391,0.2533,-380.881884,6.8926441361087605
gdb_25862,NC(=[NH2+])C1=COC(=O)[N-]1,-0.2031,-0.0337,0.1695,-470.056632,4.612329968694966
gdb_25963,CC(=O)Nc1ccco1,-0.1999,-0.0005,0.1995,-437.939911,5.428671556074606
gdb_25964,CC(=O)Nc1cnc[nH]1,-0.2019,0.004,0.2059,-434.123157,5.602824428048929
gdb_25974,c1coc(n1)OC(=N)N,-0.2362,0.0129,0.2491,-470.026219,6.77835631387561
gdb_25998,CC(=N)OC1=COC=N1,-0.2295,0.0023,0.2318,-453.97006,6.307599331820018
gdb_26061,CC(C#C)C1=CNC=C1,-0.204,0.046,0.25,-364.806883,6.802846561497
gdb_26075,OC(C#C)C1=CNC=N1,-0.2272,0.0274,0.2547,-416.788366,6.930740076853143
gdb_26097,CC(C)(c1ncco1)O,-0.24,0.0042,0.2443,-439.11093,6.6477416598948675
gdb_26147,Cc1c(nco1)C(C)C,-0.2263,0.0107,0.237,-403.192159,6.449098540299156
gdb_26158,CC(O)C1=C(C)OC=N1,-0.2367,0.0006,0.2373,-439.117884,6.457261956172952
gdb_26159,CC(O)C1=C(N)NC=C1,-0.1786,0.05,0.2286,-419.230879,6.220522895832857
gdb_26176,Cc1cc(oc1)C(C)C,-0.2071,0.0291,0.2362,-387.12876,6.427329431302365
gdb_26240,CC(O)C1=NC=C(C)N1,-0.2172,0.0261,0.2432,-419.249322,6.617809135024281
gdb_26242,CC(O)C1=NC=C(N)N1,-0.2004,0.0322,0.2326,-435.29122,6.3293684408168085
gdb_26273,CC(C)c1ncncn1,-0.2659,-0.0479,0.218,-398.183128,5.932082201625383
gdb_26386,CC(C)Nc1ccco1,-0.1784,0.0398,0.2181,-403.167861,5.9348033402499825
gdb_26407,CC(C)Nc1cc[nH]c1,-0.1671,0.0558,0.223,-383.292364,6.068139132855324
gdb_26533,Cc1c(c(=O)nco1)N,-0.2189,-0.039,0.1799,-453.992994,4.895328385653241
gdb_26592,CC1=C(O)C(=N)NC=N1,-0.2006,-0.0213,0.1793,-434.11528,4.879001553905648
gdb_26643,C#Cc1c[nH]c(c1O)N,-0.1935,0.0141,0.2076,-416.795962,5.649083784667109
gdb_26745,Cc1cc2n(c1C)CC2,-0.1831,0.0557,0.2387,-366.018786,6.495357896917335
gdb_26781,Cc1c(oc(n1)C#C)N,-0.1957,-0.0217,0.174,-416.802738,4.7347812068019115
gdb_26813,C#Cc1cc(c([nH]1)O)O,-0.1776,0.0061,0.1837,-436.671827,4.9987316533879955
gdb_26943,Cc1c(cco1)N2CC2,-0.2065,0.024,0.2305,-401.936457,6.272224529700234
gdb_26983,c1c[nH]c(c1CC#N)N,-0.1897,0.0353,0.2251,-396.968177,6.125283043971899
gdb_27057,Cc1c(nc[nH]1)NC=O,-0.2041,0.0113,0.2154,-434.130135,5.8613325973858155
gdb_27107,CC1=C(OC=N)OC=N1,-0.2362,-0.0032,0.233,-453.960976,6.340252995315204
gdb_27108,Cc1ccoc1OC=O,-0.2291,-0.011,0.2182,-457.802327,5.937524478874582
gdb_27219,c1c2c(c([nH]1)N)CC=C2,-0.1793,0.0142,0.1936,-380.901138,5.268124377223277
gdb_27229,c1cn2c(c1N)CC=C2,-0.1703,0.0058,0.1761,-380.89869,4.7919251179184865
gdb_27250,Cc1c2c(c[nH]1)CCN2,-0.1755,0.046,0.2215,-382.096444,6.027322053486341
gdb_27299,Cc1cc(=O)c(c[nH]1)O,-0.1995,-0.0087,0.1909,-437.935174,5.194653634359109
gdb_27335,NC1=NC(=N)C(N)=CO1,-0.1987,-0.0058,0.193,-450.159903,5.251797545475684
gdb_27495,NC1=CC(=N)NC(=O)O1,-0.2222,-0.0101,0.2122,-470.069768,5.774256161398653
gdb_27506,NC1=NC(=N)NC(=O)O1,-0.2474,-0.0142,0.2332,-486.145569,6.345695272564401
gdb_27527,Cc1cc(co1)C2CC2,-0.2072,0.0267,0.2339,-385.905035,6.364743242936592
gdb_27537,CC1=NC(=CO1)C1CO1,-0.2325,0.0029,0.2354,-437.892319,6.405560322305575
gdb_27580,Cc1ncnc(n1)C#N,-0.2935,-0.0973,0.1962,-411.844519,5.338873981462846
gdb_27593,c1cnc(nc1C#N)N,-0.248,-0.0746,0.1734,-411.859458,4.718454375054319
gdb_27639,Cc1cc(c([nH]1)N)C#N,-0.1973,0.0108,0.2081,-396.98596,5.662689477790103
gdb_27680,Cc1cc(oc1C#N)N,-0.2069,-0.0203,0.1866,-416.852822,5.07764467350136
gdb_27828,CC1=NC(O)=NC(=N)N1,-0.2278,-0.0399,0.1879,-450.193371,5.113019475621146
gdb_27846,c1c(cc(=O)[nH]c1N)O,-0.1962,-0.0063,0.19,-454.016812,5.17016338673772
gdb_27942,C(=O)c1c([nH]c(n1)N)O,-0.2055,-0.0228,0.1827,-470.041812,4.971520267142007
gdb_27947,Cc1ccnc(c1)C=O,-0.2498,-0.068,0.1819,-400.814216,4.949751158145217
gdb_27991,Cc1cn(c(n1)N)C=O,-0.2136,-0.0378,0.1759,-434.123899,4.786482840669289
gdb_28139,c1coc2c1oc(n2)N,-0.1894,0.0092,0.1985,-452.765709,5.401460169828618
gdb_28229,c1c2c([nH]c1N)CCO2,-0.1635,0.046,0.2094,-418.01571,5.698064279909887
gdb_28300,c1coc2n1cc(n2)N,-0.1845,0.0124,0.1969,-432.890461,5.357921951835037
gdb_28453,Cc1cnc(c(n1)O)C,-0.2321,-0.0357,0.1964,-418.077596,5.344316258712043
gdb_28490,Cc1ncc(c(n1)N)N,-0.2081,-0.0091,0.1989,-414.252974,5.412344724327013
gdb_28502,Cc1ncc(c(n1)O)O,-0.2305,-0.0244,0.2061,-454.011905,5.608266705298127
gdb_28523,c1c(nc(c(n1)N)O)N,-0.1825,-0.0193,0.1632,-450.186274,4.440898235345242
gdb_28605,OC1=CN=C(N1)C1CN1,-0.1947,0.0317,0.2265,-434.063462,6.163378984716282
gdb_28606,OC1=CN=C(N1)C1CO1,-0.1998,0.0242,0.224,-453.943742,6.095350519101312
gdb_28634,Cc1ccc(nc1)C#C,-0.2365,-0.04,0.1965,-363.637954,5.347037397336642
gdb_28641,Cc1ccc(cn1)C#N,-0.27,-0.0608,0.2092,-379.747484,5.6926220026606895
gdb_28661,c1cc(ccc1C#N)O,-0.2423,-0.039,0.2033,-399.629711,5.53207482380936
gdb_28746,NC1=NC=C(OC=N)O1,-0.2146,0.0062,0.2208,-470.01567,6.00827408311415
gdb_28750,c1cc([nH]c1O)OC=O,-0.1964,-0.004,0.1924,-473.858184,5.23547071372809
gdb_28889,Cc1cccc(c1O)O,-0.2036,0.0107,0.2143,-421.895093,5.831400072515228
gdb_28906,Cc1ccnc(c1O)C,-0.223,-0.0099,0.2131,-402.016591,5.798746409020043
gdb_29006,Cc1cncnc1C=O,-0.2583,-0.0903,0.168,-416.86707,4.571512889325984
gdb_29091,CC1=COC(=O)C(=N)N1,-0.2159,-0.0464,0.1695,-453.990542,4.612329968694966
gdb_29095,NC1=CNC(=N)C(=N)O1,-0.2039,-0.0314,0.1724,-450.137158,4.691242988808331
gdb_29125,Cc1cc(coc1=O)O,-0.2167,-0.0526,0.1641,-457.814791,4.46538848296663
gdb_29203,Cc1coc(=O)nc1C,-0.2499,-0.0672,0.1827,-437.945683,4.971520267142007
gdb_29262,OC1=COC(=O)NC1=N,-0.237,-0.0355,0.2015,-489.925327,5.483094328566582
gdb_29267,Cc1cc([nH]c1)N2CC2,-0.1779,0.0548,0.2326,-382.068444,6.3293684408168085
gdb_29304,c1c(nc(o1)C2CC2)O,-0.2079,0.0075,0.2154,-437.900343,5.8613325973858155
gdb_29332,Cc1c(c(c[nH]1)N)C#C,-0.1788,0.0211,0.1999,-380.873146,5.439556110573001
gdb_29341,Cc1c[nH]c(c1C#N)N,-0.2003,0.0101,0.2104,-396.984669,5.725275666155875
gdb_29353,c1c(c(c([nH]1)O)C#N)N,-0.1918,0.0116,0.2034,-432.907773,5.534795962433959
gdb_29354,C#Cc1c(coc1N)N,-0.1769,0.0192,0.1962,-416.79234,5.338873981462846
gdb_29366,c1c(c(c([nH]1)C=O)N)O,-0.2044,-0.0332,0.1712,-453.979669,4.658589325313145
gdb_29401,Cc1cc(oc1)CC=O,-0.2188,-0.0265,0.1924,-421.861942,5.23547071372809
gdb_29445,CC1=CCc2c1cco2,-0.1943,0.002,0.1963,-384.720407,5.341595120087444
gdb_29478,CC1=CCc2c1occ2,-0.189,-0.0068,0.1821,-384.723097,4.955193435394415
gdb_29615,NC1=COC=C1OC=N,-0.2056,0.01,0.2156,-453.939873,5.866774874635013
gdb_29632,Cn1c(=O)ccnc1N,-0.2183,-0.0233,0.195,-434.139516,5.30622031796766
gdb_29668,CN1C(=N)OC=C1C=O,-0.2116,-0.0655,0.1462,-453.970407,3.978304669163445
gdb_29738,Cn1c(cnc1C#C)O,-0.198,-0.0053,0.1926,-416.800182,5.2409129909772885
gdb_29747,Cn1c(ccc1O)C=O,-0.2044,-0.0326,0.1718,-437.925072,4.674916157060738
gdb_29771,Cc1cn(c(c1N)C)C,-0.1841,0.0562,0.2403,-383.300429,6.538896114910917
gdb_29872,Cc1cc(=O)ccn1C,-0.2073,-0.0058,0.2015,-402.001855,5.483094328566582
gdb_29938,Cn1cnc(c1C=O)O,-0.2253,-0.0523,0.173,-453.996857,4.707569820555923
gdb_30008,OC1C=CC2=C1NC=C2,-0.1868,-0.0112,0.1756,-400.768246,4.778319424795493
gdb_30070,Cn1cncc1CC#C,-0.2194,0.0266,0.246,-380.863774,6.694001016513048
gdb_30078,CN1C=CN=C1OC=N,-0.2139,0.0064,0.2203,-434.090747,5.994668389991156
gdb_30103,CC1NC1C1=CC=CO1,-0.2087,0.0161,0.2248,-401.943458,6.117119628098102
gdb_30129,CC1CC1C1=COC=N1,-0.2326,0.0057,0.2383,-401.96128,6.484473342418941
gdb_30140,CC1OC1C1=COC=C1,-0.2248,0.0129,0.2377,-421.825649,6.468146510671347
gdb_30153,OC1CC1N1C=CN=C1,-0.2301,0.019,0.249,-418.004201,6.775635175251011
gdb_30220,CC1CN2C1=CC=C2O,-0.1746,0.0611,0.2357,-401.939967,6.413723738179371
gdb_30275,CC1CNC2=C1C=CN2,-0.17,0.0546,0.2246,-382.090371,6.111677350848904
gdb_30292,OC1CCC2=C1C=CN2,-0.2013,0.0406,0.2419,-401.981135,6.582434332904497
gdb_30337,CC1CCC2=CC=CN12,-0.1906,0.0534,0.244,-366.061812,6.639578244021072
gdb_30381,CN=c1cncncn1,-0.245,-0.0846,0.1604,-412.980187,4.364706353856475
gdb_30421,Cc1c(oc(=NC)[nH]1)C,-0.1777,0.0403,0.218,-419.234216,5.932082201625383
gdb_30428,Cc1c(oc(=NC)o1)N,-0.203,0.0292,0.2321,-455.154609,6.315762747693815
gdb_30448,CN=C1OC(N)=NC=N1,-0.2269,-0.0413,0.1856,-450.163191,5.050433287255372
gdb_30552,NC=[NH+]C1=COC([O-])=N1,-0.1542,-0.0718,0.0825,-469.995814,2.24493936529401
gdb_30565,CN=CNc1cocn1,-0.2061,0.0045,0.2106,-434.08862,5.730717943405073
gdb_30599,CNC(=O)c1ccco1,-0.2343,-0.0264,0.2079,-437.94016,5.657247200540905
gdb_30849,CNc1c(nc([nH]1)O)N,-0.1697,0.0553,0.225,-451.341843,6.1225619053472995
gdb_30855,CNc1c(cc([nH]1)O)O,-0.1656,0.0673,0.2329,-455.144164,6.337531856690605
gdb_30862,Cc1cc([nH]c1OC)C,-0.1818,0.0534,0.2352,-403.174036,6.400118045056377
gdb_30869,Cc1c(oc(n1)N)OC,-0.191,0.0388,0.2298,-455.165416,6.253176559328042
gdb_30985,COc1c(oc(=O)[nH]1)O,-0.2033,0.0387,0.2419,-510.978186,6.582434332904497
gdb_31112,[NH3+]CC1=C([O-])OC(O)=N1,-0.2473,-0.0672,0.1801,-491.117017,4.900770662902439
gdb_31158,COc1c(c[nH]c1N)N,-0.1648,0.0595,0.2243,-435.260177,6.103513934975108
gdb_31177,CNc1c(cc[nH]1)C=O,-0.189,-0.0107,0.1783,-418.042008,4.85179016765966
gdb_31190,CCc1c(cc[nH]1)C#N,-0.2245,-0.002,0.2224,-380.930968,6.051812301107731
gdb_31238,CCc1c(nco1)NC,-0.187,0.0138,0.2008,-419.229446,5.46404635819439
gdb_31239,CCc1cc[nH]c1NC,-0.1851,0.0533,0.2384,-383.292258,6.487194481043539
gdb_31242,CCc1cc[nH]c1OC,-0.1903,0.0527,0.2431,-403.166524,6.615087996399683
gdb_31247,CCc1c(nco1)OC,-0.2044,0.0069,0.2113,-439.105896,5.749765913777264
gdb_31251,CNc1c(cco1)CO,-0.1751,0.0358,0.2109,-439.090424,5.738881359278869
gdb_31265,CNc1c(nc[nH]1)OC,-0.1889,0.036,0.225,-435.271485,6.1225619053472995
gdb_31318,C#Cc1c(nco1)CO,-0.2351,-0.0342,0.2009,-436.667742,5.4667674968189885
gdb_31335,c1nc(c(o1)C=O)CO,-0.2575,-0.0682,0.1893,-473.84662,5.151115416365528
gdb_31386,c1c[nH]c(cc1=O)CO,-0.2089,-0.0079,0.201,-437.924635,5.4694886354435885
gdb_31409,CNC1=CC(=N)OC=N1,-0.1984,-0.0344,0.164,-434.095298,4.462667344342032
gdb_31547,Cc1c(oc(n1)NC)N,-0.1877,0.0399,0.2276,-435.293519,6.193311509586868
gdb_31571,COc1cc(c(o1)N)O,-0.1788,0.0447,0.2235,-475.01539,6.081744825978318
gdb_31588,COc1[nH]c(c(n1)O)O,-0.1646,0.065,0.2296,-491.093251,6.247734282078844
gdb_31615,Cc1cc(n(c1)C)NC,-0.1819,0.0531,0.235,-383.290453,6.394675767807179
gdb_31660,Cc1cn(cc1CO)C,-0.192,0.0535,0.2455,-403.170256,6.680395323390053
gdb_31683,c1c(nc([nH]1)CO)C=O,-0.2367,-0.0315,0.2052,-453.98032,5.583776457676737
gdb_31782,CNc1ccc(n1C)N,-0.1689,0.0594,0.2283,-399.336376,6.21235947995906
gdb_31837,CNc1ccc(cn1)N,-0.1756,-0.0068,0.1688,-398.178501,4.593281998322774
gdb_31858,COc1ccc(cn1)N,-0.1935,-0.0133,0.1802,-418.056683,4.9034918015270375
gdb_31867,c1c(cnc(n1)CO)N,-0.2247,-0.031,0.1937,-434.098368,5.270845515847876
gdb_31878,CCc1ccc([nH]1)C#C,-0.1934,0.0026,0.196,-364.822531,5.333431704213648
gdb_31964,CCc1ncc(o1)CO,-0.2304,0.0047,0.2351,-439.112383,6.397396906431779
gdb_31988,COc1cnc([nH]1)OC,-0.1937,0.0538,0.2475,-455.149777,6.73481809588203
gdb_32014,CCC1=NC=CC(=N)O1,-0.2322,-0.0512,0.181,-418.046917,4.925260910523828
gdb_32026,CNC1=CN=CC(=N)O1,-0.1936,-0.0452,0.1484,-434.075195,4.038169718904619
gdb_32031,CNc1nccc(=O)o1,-0.2268,-0.0401,0.1866,-454.010396,5.07764467350136
gdb_32055,c1cc(oc(=O)c1)CO,-0.2342,-0.0576,0.1766,-457.810592,4.805530811041481
gdb_32059,OCC1=CN=CC(=N)N1,-0.2062,-0.0524,0.1538,-434.081746,4.185111204632954
gdb_32110,CNc1cccc(c1)O,-0.1893,0.0157,0.205,-402.004504,5.5783341804275395
gdb_32126,Cc1ncnc(n1)NC,-0.2371,-0.0245,0.2127,-414.256258,5.787861854521648
gdb_32184,CNc1cccn1C=O,-0.2109,-0.0305,0.1804,-418.042214,4.908934078776235
gdb_32194,Cc1ccccc1CO,-0.2284,0.0081,0.2365,-385.948281,6.435492847176161
gdb_32248,Cc1c(cccn1)OC,-0.2218,-0.0115,0.2103,-401.998907,5.722554527531276
gdb_32270,c1cncc(c1CO)N,-0.2161,-0.014,0.2022,-418.049233,5.502142298938773
gdb_32295,CNc1cccoc1=O,-0.1979,-0.0411,0.1568,-437.927295,4.2667453633709185
gdb_32331,Cn1c(c[nH]c1=O)OC,-0.1865,0.0448,0.2313,-455.17637,6.2939936386970246
gdb_32411,Cc1c(c(c[nH]1)CO)O,-0.1789,0.0542,0.2331,-439.100965,6.342974133939802
gdb_32426,CCc1coc(c1C)N,-0.2002,0.0313,0.2315,-403.178007,6.299435915946222
gdb_32448,COc1c[nH]c(c1O)N,-0.1805,0.0595,0.2401,-455.140388,6.533453837661718
gdb_32468,CCc1coc(=NC)[nH]1,-0.1826,0.035,0.2175,-419.223641,5.91847650850239
gdb_32491,c1c(c[nH]c1C=O)CO,-0.2288,-0.0476,0.1812,-437.926798,4.930703187773025
gdb_32537,c1c(c(c[nH]1)CO)CO,-0.193,0.0594,0.2525,-439.091688,6.870875027111969
gdb_32564,CCN1C(=N)OC=C1N,-0.1766,0.0504,0.227,-435.277068,6.176984677839276
gdb_32569,CCn1c(coc1=O)C,-0.2063,0.0311,0.2374,-439.142585,6.4599830947975505
gdb_32602,CCn1cc(nc1O)O,-0.1821,0.0552,0.2373,-455.181232,6.457261956172952
gdb_32676,OCC1CC2=CC=CN12,-0.2023,0.048,0.2503,-401.93607,6.811009977370797
gdb_32712,CNC=Nc1ncco1,-0.1961,-0.0111,0.185,-434.09788,5.0341064555077795
gdb_32777,c1coc(c1O)CCO,-0.189,0.0306,0.2195,-458.977845,5.9728992809943655
gdb_32809,CCOc1ccoc1N,-0.18,0.0354,0.2155,-439.087718,5.864053736010414
gdb_32828,c1c[nH]c(c1CCO)O,-0.1669,0.0569,0.2238,-439.111372,6.089908241852114
gdb_32901,Cc1cnc(o1)CCO,-0.2258,0.0119,0.2377,-439.115714,6.468146510671347
gdb_32918,CCNc1ccc(o1)N,-0.1736,0.0407,0.2143,-419.218329,5.831400072515228
gdb_32923,CCNc1cnc(o1)O,-0.1913,0.0373,0.2286,-455.164172,6.220522895832857
gdb_32945,CNCc1ncc(o1)N,-0.1991,0.0181,0.2172,-435.273654,5.910313092628593
gdb_32960,c1cc([nH]c1CCO)N,-0.1794,0.0526,0.232,-419.223764,6.313041609069216
gdb_32976,CCOc1nccn1C,-0.1958,0.0493,0.2452,-419.237213,6.672231907516258
gdb_33043,CCNC1=COC(=N)O1,-0.1968,0.0394,0.2362,-455.145834,6.427329431302365
gdb_33160,Cc1cncn1CCO,-0.2123,0.0331,0.2455,-419.231153,6.680395323390053
gdb_33163,CCCn1cccc1N,-0.1823,0.0545,0.2369,-383.296136,6.446377401674557
gdb_33234,CCCNc1ccoc1,-0.1885,0.0321,0.2206,-403.159258,6.002831805864952
gdb_33300,N#CC#CC12CC1CO2,-0.254,-0.059,0.195,-399.47872,5.30622031796766
gdb_33380,C#CC#CCCN1CC1,-0.2394,-0.0103,0.229,-364.715372,6.231407450331252
gdb_33400,N#C[C-](C#N)C1C[NH2+]C1,-0.165,-0.0112,0.1539,-396.867561,4.187832343257553
gdb_33404,C#CC(C1CC1)N1CC1,-0.2372,0.0467,0.2839,-365.91368,7.725312555235993
gdb_33410,N#CC(C1CC1)C1CN1,-0.2609,0.0253,0.2861,-382.028859,7.785177604977167
gdb_33456,C#CC1(CN1)C1CCC1,-0.2375,0.0385,0.276,-365.931202,7.510342603892688
gdb_33457,C#CC1(CN1)C1CCO1,-0.2426,0.031,0.2736,-401.85285,7.445035276902317
gdb_33493,C#CC1(CC1)OC2CC2,-0.2376,0.036,0.2736,-385.801059,7.445035276902317
gdb_33501,C#CC1(CN2CC2)CN1,-0.2312,0.0367,0.268,-381.958623,7.292651513924784
gdb_33508,N#CC1(CC2CN2)CC1,-0.2473,0.0326,0.2799,-382.034541,7.61646701025204
gdb_33599,N#CC12C3C4C(CC14)N23,-0.257,0.0074,0.2644,-379.58693,7.1946905234392275
gdb_33719,C#CC12CC(C1)(N2)C#N,-0.2666,-0.008,0.2586,-379.568628,7.036864483212496
gdb_33778,N#CC12CC(CC=C1)O2,-0.2615,-0.0286,0.233,-400.735646,6.340252995315204
gdb_33795,N#CC12CC(CCC1)O2,-0.2639,0.006,0.2699,-401.949739,7.34435314779216
gdb_33799,N#CC12CC(COC1)O2,-0.2616,-0.0039,0.2577,-437.863484,7.012374235591107
gdb_33823,N#CC12CCC1(O2)C#N,-0.3004,-0.05,0.2504,-415.57691,6.813731115995395
gdb_33824,C#CC12CC1C1(CC1)C2,-0.2283,0.0402,0.2685,-348.670342,7.3062572070477785
gdb_33886,N#CC12NC1C1CC2C1,-0.2511,0.0135,0.2645,-380.825153,7.197411662063826
gdb_33994,C#CC12CC1OC=NC2,-0.243,0.0168,0.2597,-400.699495,7.066797008083083
gdb_34047,N#CC12CCCCC1O2,-0.2906,0.0057,0.2963,-401.957646,8.062733744686245
gdb_34176,C#CC12CC3C4C3C1C24,-0.2272,0.0469,0.2741,-347.470035,7.458640970025311
gdb_34224,C#CC12CC3CC1CC23,-0.2422,0.0432,0.2854,-348.686218,7.766129634604974
gdb_34266,N#CC12OC3CCC1C23,-0.2502,-0.0023,0.2479,-400.722261,6.745702650380426
gdb_34278,N#CC12CN=C3OC1C23,-0.2496,-0.0882,0.1614,-415.466474,4.391917740102462
gdb_34317,C#CC12CCC1=CCC2,-0.2307,0.0145,0.2452,-348.697385,6.672231907516258
gdb_34380,C#CC12CCN1CC=C2,-0.222,0.0096,0.2317,-364.749792,6.304878193195419
gdb_34425,C#CC12CCC3C1CN23,-0.2286,0.0281,0.2567,-364.710914,6.9851628493451186
gdb_34474,C#CC1=C(COC1)C#C,-0.2262,-0.0533,0.1729,-383.422828,4.704848681931325
gdb_34495,C#CC1=NC2(CC2)CO1,-0.2294,-0.0303,0.1991,-400.704824,5.417787001576211
gdb_34521,N#CC1=CC2CC(C1)O2,-0.259,-0.0542,0.2047,-400.743652,5.570170764553743
gdb_34546,C#CC1=CC2CN3C2C13,-0.2253,-0.0308,0.1946,-363.525305,5.295335763469264
gdb_34560,N#CC1=CC2CC1CO2,-0.2604,-0.055,0.2055,-400.756617,5.591939873550533
gdb_34635,C#CC1=CCCC2NC12,-0.224,-0.0181,0.206,-364.761067,5.605545566673528
gdb_34676,C#CC1C2C3CC(C3)N12,-0.2245,0.0281,0.2526,-364.703249,6.8735961657365685
gdb_34697,C#CC1C2C3C4C2C1N34,-0.2346,0.0423,0.2769,-363.475714,7.534832851514077
gdb_34701,N#CC1C2C3C4C1C2N34,-0.2514,0.019,0.2704,-379.588098,7.357958840915154
gdb_34706,C#CC1C2C3C1N=CN23,-0.2441,-0.0182,0.2259,-379.577717,6.147052152968689
gdb_34728,N#CC1C2C3CN1CC23,-0.2616,0.0214,0.2829,-380.864189,7.6981011689900045
gdb_34751,N#CC1C2CCC3C2N13,-0.2477,0.0092,0.2569,-380.839366,6.990605126594318
gdb_34894,C#CC1C(C#N)C2CN12,-0.2604,0.0017,0.2621,-379.585853,7.132104335073454
gdb_34935,N#CC1C2CC3(CN3)C12,-0.2488,0.0311,0.2799,-380.815701,7.61646701025204
gdb_34944,C#CC1C2CC3C2OC13,-0.2398,0.0474,0.2872,-384.601328,7.815110129847754
gdb_35051,N#CC1C2OCC=CC12,-0.2552,-0.0084,0.2467,-400.736819,6.713048986885239
gdb_35096,C#CC1C=CC=CC=C1,-0.221,-0.039,0.1821,-347.522102,4.955193435394415
gdb_35164,N#CC1NC1(C#N)C#N,-0.3303,-0.0694,0.2609,-410.561835,7.0994506715782695
gdb_35186,C#CC1CC11OC2CC12,-0.2296,0.0486,0.2781,-384.580201,7.5674865150092625
gdb_35248,C#CC1NC1C1CCC1,-0.2427,0.0381,0.2808,-365.928624,7.6409572578734295
gdb_35328,C#CC1CC2(C1)COC2,-0.2468,0.0446,0.2914,-385.811191,7.929397952080903
gdb_35343,C#CC1OC23CN(C2)C13,-0.2312,0.0067,0.2379,-400.518408,6.473588787920545
gdb_35375,N#CC1NC2C3OC1C23,-0.2352,0.0285,0.2638,-416.747395,7.178363691691634
gdb_35433,N#CC1CC2CN(C2)C1,-0.2254,0.0325,0.2579,-382.050609,7.017816512840305
gdb_35467,N#CC1OC2CC1C=C2,-0.265,-0.0119,0.2531,-400.74679,6.887201858859562
gdb_35498,C#CC1OC2CC=CC12,-0.2449,0.0117,0.2566,-384.636859,6.98244171072052
gdb_35525,N#CC1NC2COC1C2,-0.2544,0.0281,0.2825,-418.00339,7.687216614491609
gdb_35547,C#CC1OC2CCC2O1,-0.2578,0.0316,0.2895,-421.765149,7.877696318213525
gdb_35722,N#CC1NCC1C1CC1,-0.2494,0.0171,0.2666,-382.03327,7.254555573180401
gdb_35795,N#CC1CN2CC2CO1,-0.2417,0.0062,0.2479,-417.972735,6.745702650380426
gdb_35803,C#CC1CCC2COC12,-0.2426,0.0555,0.2981,-385.844113,8.111714239929022
gdb_35954,N#CC1COCOC=N1,-0.2756,-0.0137,0.2619,-453.938585,7.126662057824258
gdb_36100,C#CCC12NC1C1CC21,-0.2078,0.0457,0.2535,-364.679244,6.898086413357958
gdb_36125,N#CCC12CC=CC1O2,-0.2604,-0.0129,0.2475,-400.743274,6.73481809588203
gdb_36156,C#CCC12CC3C(O1)C23,-0.2316,0.0454,0.2769,-384.577151,7.534832851514077
gdb_36331,C#CCC1CC(O1)C#N,-0.2696,-0.0018,0.2678,-400.694463,7.287209236675586
gdb_36394,C#CCC1CC2(C1)CC2,-0.2549,0.0548,0.3097,-349.888272,8.427366320382482
gdb_36398,C#CCN1CC2(C1)CO2,-0.2242,0.0371,0.2614,-401.843385,7.113056364701263
gdb_36487,N#CCC1CCC2CC12,-0.279,0.0396,0.3186,-366.027629,8.669547657971776
gdb_36507,C1CN(CC=C1)CC#N,-0.2347,0.0167,0.2514,-382.074972,6.840942502241384
gdb_36638,C#CCCC1C2CC1O2,-0.2381,0.0512,0.2893,-385.771095,7.872254040964328
gdb_36691,C#CCOC1CN2CC12,-0.2384,0.0274,0.2658,-401.834803,7.23278646418361
gdb_36745,C1COC1=NCCC#N,-0.2664,0.0096,0.276,-418.008378,7.510342603892688
gdb_36762,C#CCOCC#CC#N,-0.278,-0.0559,0.222,-399.46446,6.040927746609336
gdb_36772,C#CCOCC1CCO1,-0.2467,0.0278,0.2745,-422.941827,7.469525524523706
gdb_36781,N#CCNCC1CCO1,-0.2467,0.0234,0.2701,-419.173844,7.349795425041359
gdb_36815,C#CCCCOCC#N,-0.2691,0.007,0.2761,-401.901331,7.513063742517287
gdb_36821,C(CC#N)COCC#N,-0.2981,-0.0013,0.2968,-418.009011,8.076339437809239
gdb_36854,C(C1CO1)C12CCC1N2,-0.2455,0.081,0.3265,-403.072159,8.884517609315083
gdb_36883,C(C1CO1)N1C2CC1C2,-0.2165,0.0969,0.3134,-403.029979,8.528048449492639
gdb_37102,C1OC11C2OC2C11CO1,-0.256,0.0504,0.3064,-457.645679,8.337568745770723
gdb_37117,C1C=CC23OC12C1OC31,-0.243,-0.0046,0.2384,-420.531884,6.487194481043539
gdb_37124,C1C23OCOC12C1NC31,-0.2039,0.056,0.2599,-437.752483,7.072239285332281
gdb_37218,C1C2C3CCCN=C3N12,-0.231,0.0082,0.2392,-382.022584,6.508963590040329
gdb_37252,C1OC11CC2C3NC3C12,-0.2263,0.0648,0.2911,-401.842017,7.921234536207107
gdb_37279,O1C2C1C1C3C=CC1C23,-0.2261,0.0002,0.2263,-384.620061,6.157936707467084
gdb_37432,C1N=COC2C3NC3C12,-0.2316,0.0403,0.2719,-417.956124,7.3987759202841366
gdb_37436,C1C2C3OCC(C=C3)N12,-0.2201,0.0028,0.2229,-401.904026,6.0654179942307245
gdb_37535,C1C2C3C4CC=CC24N13,-0.2235,0.0039,0.2274,-364.682631,6.187869232337671
gdb_37639,C1OC2OC3C4C2N4C13,-0.2428,0.0747,0.3175,-437.834448,8.63961513310119
gdb_37707,C1C2C3C4OC1OC2C34,-0.2337,0.0831,0.3167,-421.803205,8.617846024104399
gdb_37741,C1CC2C3C4OC3(C1)C24,-0.2261,0.078,0.3041,-385.8012,8.27498255740495
gdb_37794,C1C2C3OC1OC=NC23,-0.2308,0.0141,0.2449,-437.880187,6.664068491642461
gdb_37821,C1C2C3CC22CCCC132,-0.2471,0.0869,0.334,-349.870498,9.088603006159993
gdb_37835,C1OCC23OC4C2NC134,-0.234,0.0529,0.2869,-437.731681,7.806946713973956
gdb_37838,C1C2C3CC4=CCC13C24,-0.1978,-0.0299,0.1679,-348.618726,4.568791750701385
gdb_37903,C1C2C3C1C1=CCN2C31,-0.1977,-0.0348,0.1629,-364.682839,4.432734819471444
gdb_37914,C1C2OC=NCC3C2N13,-0.2396,0.023,0.2625,-417.949199,7.14298888957185
gdb_37956,C1CN=C2OC3C(O1)C23,-0.237,-0.0104,0.2266,-437.795548,6.166100123340881
gdb_37977,C1COC2C3OC(C1)C23,-0.2258,0.0813,0.307,-422.974328,8.353895577518315
gdb_37998,C1C2C3C4OC4C=C1C23,-0.2326,-0.019,0.2136,-384.580086,5.812352102143037
gdb_38027,C1C2N=C3OCC=C3C12,-0.2271,-0.0271,0.2,-400.746772,5.4422772491976
gdb_38056,C1CC23OC(C=C2)C3O1,-0.2407,-0.0099,0.2309,-421.728492,6.283109084198629
gdb_38161,C1C2CC11OC1C=CC2,-0.2502,0.0041,0.2543,-385.833627,6.919855522354749
gdb_38171,C1CC23OC2C=CCC13,-0.242,0.004,0.246,-385.866167,6.694001016513048
gdb_38180,C1C2CC(C12)C1CCO1,-0.2397,0.0859,0.3256,-387.030042,8.860027361693692
gdb_38256,C1N2CC11OCOC1C2,-0.2325,0.0792,0.3117,-439.019071,8.48178909287446
gdb_38376,C1C2CCCOCC1O2,-0.2374,0.0689,0.3063,-424.196186,8.334847607146125
gdb_38423,C1C2CC3(COC3)CN12,-0.2335,0.0609,0.2944,-403.096059,8.011032110818867
gdb_38432,C1C2N1CC21CCC=C1,-0.2251,0.021,0.2462,-365.967071,6.699443293762245
gdb_38474,C1C2CC34CC(O3)C4C12,-0.2298,0.082,0.3118,-385.79347,8.484510231499058
gdb_38490,C1C2CC34CC3(CO4)N12,-0.2134,0.0522,0.2656,-401.84775,7.227344186934412
gdb_38513,C1C2CC3=CC1N1C2C31,-0.2114,-0.0406,0.1708,-364.728583,4.647704770814751
gdb_38527,C1C2CC3=CCOC3C12,-0.2316,0.0152,0.2468,-385.879996,6.715770125509838
gdb_38631,C1C2OC3C4COC13C24,-0.2246,0.0683,0.2929,-421.746222,7.970215031449885
gdb_38704,C1C2OC3CC12N=CO3,-0.2327,0.004,0.2366,-437.842733,6.43821398580076
gdb_38719,C1C2CC3OC12CCO3,-0.2481,0.0799,0.3279,-423.001587,8.922613550059465
gdb_38749,C1C2OC3OC2C1C=C3,-0.2396,0.002,0.2416,-421.814964,6.5742709170307005
gdb_38841,C1C2OC3CC(CO3)C12,-0.2375,0.0786,0.3161,-423.013066,8.601519192356806
gdb_38844,C1C2OC3COC(C3)C12,-0.2303,0.0799,0.3102,-423.005456,8.440972013505476
gdb_38917,C1C2NC22C=CCCC12,-0.2234,0.0144,0.2378,-365.984008,6.470867649295946
gdb_38936,C1C2CC3CCCC2C13,-0.2741,0.0849,0.3591,-351.15959,9.77160880093429
gdb_38966,C1CC2CC3OC3C2C1,-0.2544,0.0826,0.337,-387.098189,9.170237164897957
gdb_38969,C1OC2CC3OC3C2O1,-0.2458,0.0728,0.3187,-458.943337,8.672268796596375
gdb_38990,C1C2OC3CCOCC123,-0.2308,0.0741,0.3049,-422.977969,8.296751666401741
gdb_38998,C1C2CC=C3C=CCC123,-0.1999,-0.0111,0.1889,-348.757973,5.140230861867133
gdb_39013,C1C2C3OCC3=CCN12,-0.2298,0.0032,0.233,-401.884757,6.340252995315204
gdb_39016,C1C2CN=C3NCC3N12,-0.2158,0.0241,0.2399,-398.081184,6.528011560412521
gdb_39027,C1C2CC=C3COCC123,-0.2248,0.014,0.2388,-385.874172,6.4980790355419344
gdb_39172,C1C2CCC3C4CC23N14,-0.2408,0.0089,0.2497,-365.999282,6.794683145623203
gdb_39182,C1C2OCC3N4CC23C14,-0.2253,-0.0094,0.2159,-401.904935,5.874938290508809
gdb_39252,C1C2COC3OC=NC123,-0.2414,0.01,0.2515,-437.882274,6.843663640865982
gdb_39289,C1CC2OCC3OC1C23,-0.2475,0.0759,0.3234,-423.024615,8.80016231195252
gdb_39360,C1CC23NC2CCC=C13,-0.2191,0.0089,0.228,-365.981692,6.204196064085264
gdb_39514,C1C=C2C=CCC3C1C23,-0.2142,0.0079,0.2221,-348.727892,6.043648885233934
gdb_39607,C1C=CC=CC=CC=C1,-0.2091,-0.0368,0.1722,-348.739204,4.685800711559133
gdb_39631,C1OCC1C12CC(C1)C2,-0.2429,0.0809,0.3237,-387.007526,8.808325727826315
gdb_39666,C1OCC1C1CN=CO1,-0.25,0.0182,0.2681,-439.062217,7.295372652549383
gdb_39743,C1CC11C2C3C1CCN23,-0.2294,0.0949,0.3242,-365.953315,8.821931420949308
gdb_39759,C1NC11C2C3CCN2C13,-0.2297,0.0855,0.3151,-381.966244,8.574307806110818
gdb_39765,C1OC11C2C=CC1C=C2,-0.2282,-0.0042,0.224,-384.644228,6.095350519101312
gdb_39788,C1CC11C2CC1C21CO1,-0.2543,0.0977,0.352,-385.780791,9.578407958587775
gdb_39832,C1C2C1C1(CO1)C1CN21,-0.2329,0.0583,0.2912,-401.870056,7.9239556748317055
gdb_39873,C1OC11C2CC3CC1C23,-0.2518,0.073,0.3248,-385.816632,8.838258252696901
gdb_39900,C1NC11C2COC1CO2,-0.2402,0.0659,0.3061,-439.035235,8.329405329896925
gdb_39911,C1CC11N=C2OC3C2C13,-0.2095,-0.0592,0.1503,-400.581579,4.089871352771996
gdb_39914,C1OC11C=C2CC3C2C13,-0.2212,-0.0459,0.1754,-384.554608,4.772877147546295
gdb_39928,C1OC11C=CC2CCC12,-0.241,0.008,0.249,-385.862398,6.775635175251011
gdb_39959,C1CC12CC3(C2)CCO3,-0.2373,0.0731,0.3104,-387.04,8.446414290754674
gdb_39964,C1OC11CC2(CCO2)C1,-0.2413,0.0583,0.2996,-422.964987,8.152531319298005
gdb_39975,C1CC11CN2C3CC1C23,-0.2336,0.0901,0.3237,-365.953136,8.808325727826315
gdb_39980,C1NC11CN2C3CC1C23,-0.2371,0.0721,0.3092,-381.995272,8.413760627259489
gdb_40044,C1OC11CC2CC=CC12,-0.2368,0.0206,0.2574,-385.860945,7.004210819717311
gdb_40059,C1NC11CC2COC1O2,-0.2419,0.0763,0.3182,-439.051897,8.658663103473382
gdb_40068,C1CC11CC2COC2=N1,-0.2307,0.0159,0.2465,-401.902421,6.707606709636042
gdb_40088,C1OC11CC2OCC=C12,-0.2359,-0.014,0.2219,-421.755307,6.038206607984737
gdb_40204,C1OC11CCC2OCC12,-0.2498,0.0709,0.3207,-422.992793,8.72669156908835
gdb_40254,C1OC11CCCN2CC12,-0.2223,0.0798,0.302,-403.100399,8.217838646288376
gdb_40257,C1OC11COCC2NC12,-0.246,0.0603,0.3064,-439.024894,8.337568745770723
gdb_40450,C1OC1C12CCCC1O2,-0.2578,0.0776,0.3355,-422.99295,9.129420085528974
gdb_40605,C1CC1N1C2C3CC3C12,-0.2044,0.0665,0.2709,-365.881509,7.371564534038148
gdb_40618,C1CC1C1C2OC1C=C2,-0.2343,0.0021,0.2364,-385.813893,6.432771708551563
gdb_40628,C1CN1C1C2CCC1O2,-0.239,0.0856,0.3246,-403.084548,8.832815975447705
gdb_40634,C1CN1C1C2CC=CC12,-0.2171,0.0304,0.2475,-365.96146,6.73481809588203
gdb_40673,C1CC1N2CC23COC3,-0.2252,0.0724,0.2976,-403.058688,8.098108546806028
gdb_40764,C1CC1C1OCC11CC1,-0.2425,0.0721,0.3146,-387.030585,8.560702112987824
gdb_40791,C1OC1C1COC2CC12,-0.2341,0.0841,0.3182,-422.97474,8.658663103473382
gdb_40794,C1OC1C1OCC2OC12,-0.2611,0.0788,0.3399,-458.904888,9.24915018501132
gdb_40835,C1OC1C1CCCCO1,-0.2463,0.0856,0.3319,-424.205149,9.031459095043417
gdb_40845,C1CC(=NC2CC2)OC1,-0.2214,0.0326,0.254,-403.147995,6.911692106480952
gdb_40862,C1CC2(C1)C1C3CC2C13,-0.2393,0.0894,0.3287,-349.884224,8.944382659056256
gdb_40886,C1CC2(O1)C1CC2OC1,-0.2249,0.0792,0.3041,-422.974873,8.27498255740495
gdb_40921,C1CC2(C1)CC1OCC21,-0.2371,0.0757,0.3128,-387.033545,8.511721617745046
gdb_40946,C1CC2(C1)CCOC=N2,-0.2423,0.026,0.2683,-403.148427,7.300814929798579
gdb_41152,C1CC23CC(C2)OCC13,-0.2356,0.0883,0.324,-387.050295,8.816489143700112
gdb_41214,C1CC23CC4(COC24)N13,-0.2197,0.0323,0.252,-401.709942,6.857269333988976
gdb_41234,C1OC2C3C4CC12CC34,-0.2435,0.076,0.3195,-385.836273,8.694037905593166
gdb_41243,C1CC23OC4C(CC24)C13,-0.2333,0.0739,0.3072,-385.802694,8.359337854767512
gdb_41285,C1OC23CC4CC12CC34,-0.2375,0.0722,0.3096,-385.799891,8.424645181757883
gdb_41347,C1OC2CC3CCC12C3,-0.2425,0.0745,0.317,-387.073752,8.626009439978196
gdb_41478,C1OC23CCCC2CC13,-0.2286,0.0687,0.2973,-387.066295,8.089945130932232
gdb_41524,C1COC2=NCCC2=C1,-0.2289,-0.0243,0.2046,-401.977333,5.567449625929145
gdb_41653,C1OCC2C3C4C(C13)N24,-0.2361,0.0872,0.3234,-401.876319,8.80016231195252
gdb_41666,C1OC2C3C=CC(=C1)C23,-0.2,-0.0222,0.1778,-384.634939,4.838184474536667
gdb_41710,C1OC2C3CC=CC23O1,-0.2129,0.0097,0.2225,-421.798377,6.05453343973233
gdb_41724,C1CN2CC3OCC2C13,-0.2235,0.0797,0.3032,-403.139999,8.250492309783562
gdb_41761,C1CC2C=CCC3C1C23,-0.2335,0.0343,0.2678,-349.961901,7.287209236675586
gdb_41787,C1CC2CC1C=CC=C2,-0.2077,-0.0214,0.1863,-349.974738,5.069481257627564
gdb_41856,C1OCC2CC1CC=C2,-0.2355,0.0297,0.2652,-387.106771,7.216459632436017
gdb_41923,C1OC2CC3C1C3CO2,-0.2461,0.0731,0.3193,-423.018579,8.688595628343966
gdb_42033,C1OCC2CCCCC12,-0.2372,0.0845,0.3217,-388.310953,8.75390295533434
gdb_42080,C1CCC2(C1)CC=CC2,-0.2334,0.0316,0.265,-351.178034,7.21101735518682
gdb_42133,C1COCCOCC=C1,-0.2355,0.0111,0.2466,-424.193454,6.710327848260641
gdb_42181,O=C(C#N)C1(CO1)C#C,-0.2909,-0.1018,0.1891,-435.422241,5.14567313911633
gdb_42195,O=C(C#C)C12CCC1O2,-0.2658,-0.0705,0.1953,-420.549643,5.314383733841456
gdb_42298,N=C(C#C)N1CCN=C1,-0.2313,-0.0345,0.1968,-396.89775,5.3552008132104385
gdb_42339,O=C(C1CCO1)N1CC1,-0.2381,-0.0058,0.2322,-439.046592,6.318483886318413
gdb_42409,C1CC1C(=O)OC2CC2,-0.2656,0.0151,0.2807,-423.024031,7.638236119248831
gdb_42419,C#CC(=O)CC1COC1,-0.2456,-0.0641,0.1814,-421.768166,4.936145465022223
gdb_42458,C#CCC(=O)OCC#N,-0.2807,-0.0145,0.2662,-436.674926,7.243671018682005
gdb_42509,O=C1C(CC11CN1)C#C,-0.2432,-0.0388,0.2044,-400.681957,5.562007348679947
gdb_42521,O=C1C(NC1C#N)C#N,-0.2975,-0.0832,0.2143,-431.655154,5.831400072515228
gdb_42522,O=C1C(OC1C#C)C#C,-0.255,-0.0495,0.2055,-419.326924,5.591939873550533
gdb_42575,O=C1C2C3C2N2C3CC12,-0.2292,-0.017,0.2122,-400.701688,5.774256161398653
gdb_42609,N=C1OC2C3C2C(=O)N13,-0.2717,-0.0319,0.2398,-452.716106,6.525290421787923
gdb_42636,O=C1C2C3NC1(C#N)C23,-0.2527,-0.0285,0.2242,-415.545782,6.100792796350509
gdb_42824,O=C1C2CC1C1CC1C2,-0.2338,-0.0105,0.2233,-385.885692,6.07630254872912
gdb_42834,O=C1C2CC3OC3C1N2,-0.2458,-0.0094,0.2364,-437.849589,6.432771708551563
gdb_42860,O=C1C2NC1C=CC=C2,-0.2193,-0.0631,0.1562,-400.733239,4.250418531623326
gdb_42863,O=C1C2CC1C=CCO2,-0.2248,-0.0271,0.1976,-421.807423,5.376969922207229
gdb_42876,O=C1C2CC1OC(=O)N2,-0.2461,-0.0508,0.1952,-473.843043,5.311662595216858
gdb_42911,O=C1C2CC2C1C1CN1,-0.2354,-0.0199,0.2154,-401.896401,5.8613325973858155
gdb_42941,O=C1C2CC2C2CC1O2,-0.2292,-0.0243,0.2049,-421.803239,5.575613041802941
gdb_42978,O=C1C2CC2NC11CC1,-0.2124,-0.0119,0.2005,-401.931923,5.455882942320594
gdb_42981,O=C1C2CN2CC11CN1,-0.244,-0.0352,0.2088,-417.970523,5.681737448162295
gdb_43071,O=C1C2CC3N=CN1C23,-0.2457,-0.0173,0.2283,-416.796243,6.21235947995906
gdb_43113,O=C1C2OC3COC1C23,-0.229,-0.0457,0.1834,-457.725043,4.990568237514199
gdb_43122,O=C1C2OC3COC2C13,-0.2278,-0.0311,0.1967,-457.732944,5.352479674585839
gdb_43176,O=C1C2COC1CCC2,-0.2324,-0.0195,0.2129,-423.052766,5.793304131770845
gdb_43186,O=C1C2COC22CNC12,-0.2278,-0.0317,0.1961,-437.814186,5.3361528428382465
gdb_43199,O=C1C2OCC2C11CN1,-0.2408,-0.0481,0.1927,-437.81792,5.243634129601888
gdb_43206,O=C1C2CCC2C1C#C,-0.2366,-0.027,0.2096,-384.637248,5.703506557159085
gdb_43235,O=C1C=C(C#N)C2NC12,-0.2616,-0.1048,0.1568,-415.606005,4.2667453633709185
gdb_43252,O=C1C=C2CCN3C1C23,-0.236,-0.0676,0.1684,-400.700329,4.582397443824379
gdb_43253,O=C1C=C2COC3C1C23,-0.2384,-0.0702,0.1683,-420.581418,4.57967630519978
gdb_43339,O=C1C=CC2OC3C2C13,-0.2349,-0.063,0.1719,-420.599741,4.677637295685337
gdb_43516,N=C1NC(=O)CC1C#N,-0.2789,-0.0294,0.2495,-432.926298,6.789240868374006
gdb_43588,O=C1NC(C#C)C2CC12,-0.2442,0.0233,0.2674,-400.733844,7.276324682177192
gdb_43663,C#CC1OC(=O)C(=O)O1,-0.2917,-0.0814,0.2103,-492.506398,5.722554527531276
gdb_43681,N=C1OC(CC=C1)C#N,-0.2675,-0.05,0.2175,-416.827656,5.91847650850239
gdb_43690,N=C1CC(CCC#N)O1,-0.2763,0.0154,0.2916,-418.018164,7.934840229330101
gdb_43700,C#CCCN1CC(=O)C1,-0.2372,-0.0278,0.2094,-401.890465,5.698064279909887
gdb_43703,N=C1CC2(O1)C1CC2N1,-0.248,0.0222,0.2702,-417.926169,7.352516563665957
gdb_43791,N=C1OC2(CC2)C11CN1,-0.2484,0.012,0.2604,-417.949384,7.085844978455276
gdb_43844,N=C1OC2(CC2)CC1=O,-0.2574,-0.0746,0.1829,-437.893182,4.976962544391205
gdb_43943,O=C1NC23CC(C=C2)C13,-0.2386,-0.0175,0.2212,-400.64345,6.019158637612546
gdb_43979,N=C1OC23CC12OCC3,-0.2495,0.0134,0.2629,-437.823199,7.153873444070245
gdb_43996,N=C1CC23CC2(CC3)O1,-0.2342,0.0236,0.2577,-401.916996,7.012374235591107
gdb_43998,N=C1CC23CC2(CO3)O1,-0.2453,0.0137,0.2589,-437.826172,7.045027899086294
gdb_43999,N=C1OC23CC2(CC3)O1,-0.2402,0.0464,0.2867,-437.838572,7.80150443672476
gdb_44073,O=C1NC23COC2C1C3,-0.2341,0.0092,0.2433,-437.78546,6.62053027364888
gdb_44078,N=C1OC23CCC2CC13,-0.2503,0.0236,0.2738,-401.909365,7.450477554151513
gdb_44177,O=C1CC2C(CC12)C#C,-0.244,-0.0269,0.2171,-384.638239,5.907591954003994
gdb_44179,O=C1CC2C(CN12)C#C,-0.2455,-0.01,0.2355,-400.692609,6.408281460930174
gdb_44188,O=C1NC2C(CC12)C#N,-0.2658,0.0066,0.2724,-416.817613,7.41238161340713
gdb_44267,O=C1OC2C1CCC2=O,-0.26,-0.0506,0.2094,-457.807161,5.698064279909887
gdb_44322,O=C1OC2C3C4OC13C24,-0.2682,-0.0097,0.2585,-456.453882,7.034143344587898
gdb_44412,N=C1NC2C3CCC12O3,-0.2405,-0.004,0.2365,-417.863788,6.435492847176161
gdb_44425,O=C1NC2C3CC12CO3,-0.241,0.0005,0.2415,-437.788199,6.571549778406101
gdb_44498,N=C1OC2C3NC2C3O1,-0.2514,0.0399,0.2913,-453.878836,7.926676813456305
gdb_44550,O=C1CC2C3OC3C2N1,-0.2398,0.0367,0.2765,-437.88038,7.523948297015682
gdb_44640,O=C1CN2C3COC3C12,-0.2346,-0.0312,0.2034,-437.806814,5.534795962433959
gdb_44644,O=C1NC2C3OCC3C12,-0.2471,0.0179,0.265,-437.847179,7.21101735518682
gdb_44658,O=C1NC2C=CC1C=C2,-0.2283,-0.0159,0.2124,-400.772085,5.779698438647851
gdb_44735,N=C1OC2CC(O1)C=C2,-0.2402,-0.024,0.2162,-437.891451,5.883101706382606
gdb_44775,O=C1CC2CC11CCN21,-0.207,-0.0116,0.1954,-401.864535,5.317104872466055
gdb_44977,N=C1NC2(CC2O1)C#C,-0.2236,0.018,0.2416,-416.760947,6.5742709170307005
gdb_45008,N=C1CC2NC2C(=O)O1,-0.2661,-0.023,0.2431,-453.960367,6.615087996399683
gdb_45068,O=C1CC2CN2C1C#C,-0.2327,-0.0326,0.2,-400.696997,5.4422772491976
gdb_45082,N=C1OC2CC2C2OC12,-0.2553,0.0018,0.2571,-437.851536,6.996047403843514
gdb_45086,O=C1CC2CC2C2NC12,-0.2289,-0.0133,0.2156,-401.931685,5.866774874635013
gdb_45167,O=C1NC2CC3C1N3C2,-0.2369,0.021,0.2579,-418.033688,7.017816512840305
gdb_45280,O=C1CC2NC3CNC123,-0.2118,-0.0254,0.1864,-417.941154,5.072202396252163
gdb_45308,O=C1CC2CC=CC2N1,-0.2339,0.0105,0.2444,-402.003972,6.6504627985194675
gdb_45356,O=C1OC2CNC(=O)C12,-0.264,-0.0137,0.2502,-473.881206,6.808288838746197
gdb_45365,O=C1CC2CCC(C1)O2,-0.2398,-0.0162,0.2236,-423.064306,6.084465964602916
gdb_45408,N=C1OC2CCC1C=C2,-0.247,-0.005,0.242,-401.972053,6.585155471529095
gdb_45453,N=C1OC2COC2C1=O,-0.2552,-0.083,0.1722,-473.806334,4.685800711559133
gdb_45490,O=C1NC2CCC3C2C13,-0.2354,0.0271,0.2625,-401.988481,7.14298888957185
gdb_45510,O=C1CC2CCN=C2O1,-0.275,-0.0155,0.2595,-437.938957,7.0613547308338855
gdb_45561,O=C1CC2COCC2C1,-0.2427,-0.0219,0.2208,-423.055859,6.00827408311415
gdb_45564,O=C1CC2OCCC2N1,-0.2383,0.0334,0.2717,-439.135151,7.393333643034939
gdb_45639,C#CCC1=NCC(=O)N1,-0.2487,-0.0136,0.2351,-416.814892,6.397396906431779
gdb_45666,O=C1NC=C2CC3C2C13,-0.2158,-0.0242,0.1916,-400.700779,5.2137016047313
gdb_45672,C1C=CN2C1=CCC2=O,-0.1974,-0.0067,0.1907,-400.798918,5.189211357109912
gdb_45721,O=C1CC(N=CN1)C#C,-0.2576,-0.0286,0.2289,-416.810038,6.228686311706653
gdb_45722,O=C1CC(N=CN1)C#N,-0.2805,-0.0461,0.2343,-432.916575,6.375627797434988
gdb_45833,N=C1CC=CCC(=O)N1,-0.2457,-0.0206,0.2251,-418.043307,6.125283043971899
gdb_45853,C1CC12CC=CCC2=O,-0.2359,-0.012,0.2239,-385.906939,6.092629380476713
gdb_45953,N=C1OCC(=O)C1C#N,-0.2866,-0.07,0.2166,-452.76935,5.893986260881
gdb_45958,N=C1COC(=O)C2CN12,-0.258,-0.0212,0.2367,-453.939436,6.440935124425359
gdb_45970,O=C1CNC(=O)C2CN12,-0.2549,-0.0187,0.2362,-453.968355,6.427329431302365
gdb_46016,C#CC1=NCC(=O)CN1,-0.2353,-0.0304,0.2048,-416.78711,5.572891903178342
gdb_46031,O=C1OCC(C#C)C1=O,-0.2587,-0.0915,0.1673,-456.559649,4.552464918953793
gdb_46037,N=C1CCC(O1)C1CN1,-0.2506,0.0217,0.2722,-419.193696,7.406939336157933
gdb_46144,O=C1CCC(CN1)C#N,-0.2543,0.0099,0.2641,-418.063272,7.18652710756543
gdb_46175,C#CC1(C(=O)CN1)C#C,-0.2482,-0.0419,0.2064,-399.446143,5.616430121171923
gdb_46205,N=C1OCC11C2COC12,-0.2417,0.0199,0.2616,-437.814733,7.118498641950461
gdb_46210,O=C1CNC11C2COC12,-0.2253,-0.0278,0.1975,-437.807684,5.3742487835826305
gdb_46237,O=C1NCC11CC1C#C,-0.2431,0.0197,0.2628,-400.708178,7.151152305445645
gdb_46260,O=C1CCC11OC2CC12,-0.2345,-0.0337,0.2008,-421.775867,5.46404635819439
gdb_46275,O=C1OCC11CC2CN12,-0.2561,-0.0081,0.248,-437.848523,6.748423789005024
gdb_46293,O=C1OCC11CN=CN1,-0.2392,-0.0107,0.2284,-453.964269,6.2150806185836585
gdb_46329,O=C1NCC11CCCO1,-0.2297,0.0294,0.2591,-439.103488,7.05047017633549
gdb_46356,O=C1CCC1N1CCC1,-0.2158,-0.0197,0.196,-403.116861,5.333431704213648
gdb_46404,N=C1OCC1NCC#C,-0.2434,0.019,0.2624,-417.93905,7.140267750947252
gdb_46544,C1CC2(C1)CCC(=O)N2,-0.2358,0.0356,0.2714,-403.186146,7.385170227161142
gdb_46577,O=C1OCC23CN(C2)C13,-0.2429,-0.0094,0.2335,-437.798899,6.353858688438198
gdb_46666,O=C1CCC2C3CC12O3,-0.2408,-0.0327,0.2081,-421.742276,5.662689477790103
gdb_46746,O=C1COC2C3NC3C12,-0.229,-0.0223,0.2068,-437.837699,5.627314675670318
gdb_46751,O=C1NCC2C3CN3C12,-0.2394,0.0152,0.2546,-417.985975,6.928018938228544
gdb_46789,O=C1CCC2CC(C2)C1,-0.2346,-0.0101,0.2245,-387.106433,6.108956212224306
gdb_46859,N=C1OCC2NC2C1=O,-0.2549,-0.0596,0.1953,-453.926497,5.314383733841456
gdb_46910,O=C1CCC2NC2CN1,-0.2369,0.0305,0.2674,-419.212949,7.276324682177192
gdb_46931,N=C1COC2CC3C2N13,-0.2484,0.001,0.2494,-417.953068,6.786519729749407
gdb_46990,O=C1CCC2COC1O2,-0.2312,-0.023,0.2082,-458.98338,5.665410616414701
gdb_46998,O=C1NCC2CC1CO2,-0.2413,0.0312,0.2725,-439.128927,7.41510275203173
gdb_47009,O=C1OCC2COC1C2,-0.2469,0.0049,0.2519,-458.995094,6.854548195364377
gdb_47042,O=C1CC2COC2CO1,-0.2617,0.0076,0.2692,-458.973146,7.32530517741997
gdb_47064,O=C1NCC2CCC2O1,-0.2531,0.0463,0.2994,-439.117606,8.147089042048806
gdb_47107,O=C1NCC2OCCC12,-0.2434,0.0286,0.2721,-439.133434,7.404218197533335
gdb_47131,C1CN=C(OC1=O)C#N,-0.3045,-0.0795,0.2251,-452.786506,6.125283043971899
gdb_47192,C1CC(=O)CC(=O)C=C1,-0.2427,-0.0637,0.179,-421.863878,4.870838138031852
gdb_47210,O=C1OCC=CC11CO1,-0.2617,-0.0185,0.2432,-457.76623,6.617809135024281
gdb_47350,N=C1COCC(N1)C#C,-0.2337,0.0156,0.2493,-417.963377,6.783798591124808
gdb_47379,O=C1CNCC(O1)C#N,-0.2494,-0.0143,0.2351,-453.966541,6.397396906431779
gdb_47396,N=C1OCOC11CCC1,-0.2644,0.02,0.2843,-439.08334,7.7361971097343885
gdb_47474,O=C1OCCC1CC#C,-0.2568,0.0089,0.2656,-421.827951,7.227344186934412
gdb_47581,N=C1OCCC2COC12,-0.2526,0.0033,0.2558,-439.066257,6.960672601723731
gdb_47614,O=C1OCOC2CCC12,-0.2672,0.0045,0.2717,-458.979059,7.393333643034939
gdb_47634,C1CNC=CC(=O)C1=O,-0.2228,-0.0674,0.1554,-437.911659,4.228649422626535
gdb_47657,C1CC=CCOC(=O)C1,-0.249,0.0065,0.2555,-423.05096,6.952509185849934
gdb_47769,O=C1CCOCC1C#N,-0.2679,-0.0472,0.2208,-437.908876,6.00827408311415
gdb_47858,C1CC=CNC(=O)NC1,-0.221,0.0019,0.2229,-419.234103,6.0654179942307245
gdb_47938,C1COCOC(=O)CO1,-0.2559,-0.0073,0.2486,-496.093155,6.764750620752616
gdb_47939,C1COCOCC(=O)N1,-0.2389,0.0149,0.2538,-476.226075,6.906249829231755
gdb_47954,C1CC1C(=O)C#CC=O,-0.2758,-0.0802,0.1956,-420.592313,5.322547149715253
gdb_48057,C#CCC(=O)C(=O)C=O,-0.2525,-0.1218,0.1307,-456.530368,3.5565281823506316
gdb_48094,N=C(C=O)N1CC(=O)C1,-0.2485,-0.0705,0.178,-453.937556,4.843626751785863
gdb_48104,O=CC(=O)C1NC1C#C,-0.2414,-0.0809,0.1605,-436.613673,4.367427492481074
gdb_48123,N=C(C=O)N1CCC1=O,-0.2652,-0.0736,0.1917,-453.960579,5.2164227433559
gdb_48130,O=CC(=O)C1CCC=C1,-0.2378,-0.0945,0.1433,-421.846823,3.8993916490500804
gdb_48153,C1CC(C1)NC(=N)C=O,-0.2323,-0.0678,0.1645,-419.197718,4.476273037465026
gdb_48199,O=CC(C#C)C1COC1,-0.2516,-0.0409,0.2108,-421.758641,5.73616022065427
gdb_48229,C(=N)N(C=O)C(=N)C#N,-0.2818,-0.0836,0.1982,-448.939497,5.393296753954821
gdb_48231,C(=N)N(C=O)C(=O)C#N,-0.2927,-0.0998,0.1929,-468.832439,5.249076406851085
gdb_48258,C(C#N)N(CC#N)C=N,-0.2647,-0.0093,0.2554,-412.990652,6.9497880472253355
gdb_48286,O=CN(CC1CO1)C=O,-0.2518,-0.0374,0.2143,-475.017436,5.831400072515228
gdb_48384,O=CC1(NC1C#C)C=O,-0.2623,-0.0636,0.1987,-436.627276,5.406902447077815
gdb_48431,C1CC1(C=O)OCC#N,-0.2632,-0.0374,0.2258,-437.867406,6.144331014344091
gdb_48468,O=CC1(CNC=N1)C#C,-0.2321,-0.0329,0.1992,-416.773958,5.420508140200809
gdb_48720,O=CC12CC3OC3C1N2,-0.2484,-0.0303,0.2181,-437.851032,5.9348033402499825
gdb_48737,O=CC12CC1N1CCC21,-0.2282,-0.0238,0.2044,-401.879562,5.562007348679947
gdb_48766,O=CC12CC1NC(=O)O2,-0.2656,-0.0487,0.2169,-473.852847,5.902149676754798
gdb_48800,O=CC12OC1CC21CO1,-0.2569,-0.0486,0.2083,-457.687265,5.6681317550393
gdb_48848,O=CC12CC1OCOC2,-0.2562,-0.029,0.2272,-458.944963,6.182426955088474
gdb_48907,O=CC12CN3C1C2C3=O,-0.2569,-0.0572,0.1997,-436.628748,5.434113833323803
gdb_48937,O=CC12CC3N=CN1C23,-0.2594,-0.0519,0.2076,-416.762785,5.649083784667109
gdb_48986,O=CC12CCC(CC1)C2,-0.2452,-0.0177,0.2275,-387.121257,6.19059037096227
gdb_48998,O=CC12COC1=NCC2,-0.2571,-0.0452,0.2118,-437.857977,5.763371606900258
gdb_49015,O=CC12CCC1C1CN21,-0.2344,-0.0318,0.2025,-401.876086,5.51030571481257
gdb_49051,O=CC12COC1CC2=O,-0.2565,-0.0547,0.2019,-457.735583,5.493978883064977
gdb_49082,O=CC12NCC3C1NC23,-0.2256,-0.0262,0.1994,-417.930742,5.425950417450006
gdb_49107,O=CC1=C2CC3C(C1)C23,-0.2288,-0.0808,0.148,-384.5971,4.027285164406224
gdb_49159,O=CC1=CC2C3CN2C13,-0.2324,-0.0721,0.1603,-400.668258,4.3619852152318765
gdb_49166,O=CC1=CC2NC1C2=O,-0.2578,-0.0785,0.1793,-436.655518,4.879001553905648
gdb_49167,O=CC1=CC2OC1C2=O,-0.2693,-0.0839,0.1854,-456.532018,5.044991010006175
gdb_49189,O=CC1=CC2CCC1C2,-0.2457,-0.0544,0.1913,-385.913503,5.2055381888575045
gdb_49192,O=CC1=CC2COC1O2,-0.2577,-0.073,0.1846,-457.751335,5.023221901009384
gdb_49219,O=CC1=CNC(C1)C#C,-0.2163,-0.035,0.1813,-400.727182,4.933424326397624
gdb_49223,O=CC1=NCC(O1)C#C,-0.271,-0.0799,0.1912,-436.650622,5.202817050232905
gdb_49250,C1C=CC=CC(=C1)C=O,-0.2316,-0.0556,0.176,-384.717286,4.789203979293887
gdb_49262,C1C=C(CC(=O)O1)C=O,-0.2647,-0.0735,0.1912,-457.808732,5.202817050232905
gdb_49283,O=CC1=CCCC2NC12,-0.2405,-0.0517,0.1888,-401.943093,5.137509723242534
gdb_49335,N=C1COC(=O)N1C=O,-0.287,-0.0546,0.2324,-489.940885,6.323926163567611
gdb_49347,N=CN1C(=O)COC1=O,-0.2811,-0.0448,0.2363,-489.948756,6.430050569926965
gdb_49411,O=CN1C2C3C4C3C1C24,-0.239,0.0146,0.2535,-400.676871,6.898086413357958
gdb_49426,O=CC1C2CC3C(C2)N13,-0.2514,-0.0267,0.2247,-401.94431,6.114398489473504
gdb_49435,O=CC1C2C3CCC1C23,-0.2374,-0.0189,0.2185,-385.871809,5.945687894748378
gdb_49443,O=CN1C2C3OCC1C23,-0.228,0.0164,0.2444,-437.85167,6.6504627985194675
gdb_49487,O=CC1C2OC(C=O)C12,-0.2423,-0.0468,0.1955,-457.710052,5.319826011090654
gdb_49521,O=CN1C2CC1C1NC21,-0.2294,0.0357,0.2651,-417.951346,7.213738493811419
gdb_49540,O=CC1C2OC1C2C#N,-0.259,-0.049,0.2099,-436.615014,5.7116699730328815
gdb_49543,O=CC1C2CC1C2C=O,-0.2498,-0.0406,0.2092,-421.772765,5.6926220026606895
gdb_49552,O=CC1C2CC1CCC2,-0.2407,-0.0174,0.2233,-387.092917,6.07630254872912
gdb_49569,O=CC1C2OC2C11CN1,-0.2479,-0.0325,0.2155,-437.803153,5.864053736010414
gdb_49612,O=CC1C2CC2OC1=O,-0.2647,-0.0394,0.2253,-457.786443,6.130725321221096
gdb_49626,O=CN1C2CC3(CN3)C12,-0.241,0.0027,0.2436,-417.935046,6.6286936895226765
gdb_49699,O=C[C-]1C2C[NH2+]C12C=O,-0.2407,-0.1111,0.1296,-437.823245,3.5265956574800446
gdb_49706,O=CC1C2CCC1C=C2,-0.2384,-0.0256,0.2129,-385.899367,5.793304131770845
gdb_49724,O=CN1C2CCC2C1=O,-0.2552,-0.0377,0.2175,-437.901521,5.91847650850239
gdb_49777,O=CC1N=CNC1C#N,-0.2542,-0.0429,0.2113,-432.876266,5.749765913777264
gdb_49859,O=CC1NC(=O)C2NC12,-0.2437,-0.0363,0.2075,-453.950331,5.646362646042509
gdb_49862,O=CC1OC(=O)C2CC12,-0.2628,-0.0413,0.2215,-457.787642,6.027322053486341
gdb_49878,N=C1OC(=O)CC1C=O,-0.2778,-0.05,0.2279,-473.87855,6.201474925460665
gdb_49885,N=CN1CC(=O)NC1=O,-0.2623,-0.0245,0.2378,-470.075894,6.470867649295946
gdb_49952,O=CC1OC1(C#C)C#N,-0.2846,-0.0766,0.208,-435.418918,5.659968339165504
gdb_49972,O=CC1CC11C2CC1C2,-0.2429,-0.0133,0.2296,-385.822306,6.247734282078844
gdb_49980,O=CN1CC11C2CC1C2,-0.2486,0.0037,0.2523,-401.875351,6.865432749862773
gdb_50043,O=CC1NC11CCOC1,-0.2509,-0.0314,0.2195,-439.057392,5.9728992809943655
gdb_50068,O=CC1CC1C(=O)C=O,-0.2517,-0.109,0.1427,-457.766206,3.883064817302487
gdb_50110,O=CC1NC1CCC#C,-0.252,-0.0307,0.2213,-401.885485,6.021879776237144
gdb_50126,O=CC1OC2(CC12)C#C,-0.2425,-0.0377,0.2048,-420.537931,5.572891903178342
gdb_50282,O=CC1CC2NC12C=O,-0.2417,-0.0494,0.1923,-437.846487,5.232749575103492
gdb_50301,N=C1C2OC2CN1C=O,-0.256,-0.0325,0.2235,-453.95104,6.081744825978318
gdb_50333,O=CN1CC2CC3C2C13,-0.2257,0.0328,0.2585,-401.940968,7.034143344587898
gdb_50405,O=CC1CC=CC(=O)N1,-0.2475,-0.0446,0.2029,-437.930531,5.5211902693109645
gdb_50438,N=CN1CC=CNC1=O,-0.2219,-0.0118,0.2102,-434.098499,5.719833388906677
gdb_50451,N=CN1CCC(=O)C1=N,-0.2401,-0.0709,0.1692,-434.085434,4.6041665528211695
gdb_50536,O=CC1OCC1C1CO1,-0.2452,-0.0328,0.2123,-458.906181,5.776977300023252
gdb_50564,O=CC1CCC2CC1O2,-0.2379,-0.0194,0.2185,-423.017697,5.945687894748378
gdb_50575,O=CC1CC2OC2CO1,-0.2597,-0.0334,0.2263,-458.941764,6.157936707467084
gdb_50736,O=C[C-]1CC[NH2+]CC1=O,-0.172,-0.0109,0.1612,-439.046028,4.386475462853266
gdb_50919,O=CNC(C#C)C1CC1,-0.2529,0.0201,0.2729,-401.911683,7.425987306530124
gdb_50927,O=COC(C#C)C1CO1,-0.2812,-0.0087,0.2725,-457.700143,7.41510275203173
gdb_51061,O=CNC12C3C4C3C1C24,-0.2305,0.0211,0.2516,-400.646328,6.84638477949058
gdb_51154,O=CNC12CC1CC2=O,-0.245,-0.0188,0.2262,-437.889919,6.155215568842486
gdb_51232,N=COC12CCC1CC2,-0.2506,0.0234,0.274,-403.111607,7.4559198314007125
gdb_51250,C1CC(=O)C=C1NC=O,-0.2324,-0.0498,0.1826,-437.949858,4.968799128517409
gdb_51314,C1CCC(=CC1)NC=O,-0.2129,0.0022,0.215,-403.19242,5.85044804288742
gdb_51332,O=CCC1C2CC3C2N13,-0.2386,-0.0184,0.2202,-401.875479,5.9919472513665575
gdb_51348,O=CCC1C2C3OC2C13,-0.2424,-0.027,0.2154,-421.722051,5.8613325973858155
gdb_51360,N=COC1C2C3NC3C12,-0.2163,0.0418,0.2581,-417.885164,7.0232587900895025
gdb_51417,O=CNC1C2C=CC1N2,-0.2413,-0.0096,0.2318,-417.965686,6.307599331820018
gdb_51447,O=CNC1C2CC2C1=O,-0.244,-0.0265,0.2175,-437.886377,5.91847650850239
gdb_51499,N=COC1C=CCC1=O,-0.244,-0.0422,0.2018,-437.892989,5.491257744440379
gdb_51618,C1C2(N1)CN(C2)CC=O,-0.2285,-0.0269,0.2016,-419.140481,5.4858154671911805
gdb_51660,N=COC1CC2COC12,-0.2455,0.0267,0.2722,-439.027495,7.406939336157933
gdb_51688,N=C1CCC(OC=O)O1,-0.2805,-0.008,0.2725,-475.063107,7.41510275203173
gdb_51727,N=COC1CCC11CO1,-0.2535,0.0221,0.2756,-439.036203,7.499458049394293
gdb_51748,N=COC1COC1C#C,-0.2632,0.0032,0.2663,-437.802511,7.2463921573066035
gdb_51756,O=CCC1OCC1C#C,-0.2469,-0.0248,0.2222,-421.766186,6.046370023858533
gdb_51846,C1CN(C(=O)N1)CC=O,-0.2362,-0.0317,0.2045,-455.188279,5.564728487304546
gdb_51877,O=CCC1CCCCO1,-0.2392,-0.0164,0.2228,-424.242416,6.062696855606126
gdb_52017,C#CC(C#C)OCC=O,-0.261,-0.0316,0.2294,-420.522721,6.242292004829647
gdb_52114,O=CCOC12CC1OC2,-0.2439,-0.0352,0.2086,-458.889954,5.676295170913097
gdb_52120,O=CNCC12CN1CC2,-0.2401,0.03,0.2701,-419.177747,7.349795425041359
gdb_52176,C1C(CC1=O)CCC=O,-0.2479,-0.0286,0.2192,-423.035365,5.96473586512057
gdb_52217,N=COCC1CN1C=O,-0.2603,-0.0122,0.2481,-455.116006,6.751144927629622
gdb_52227,O=CNCC1CN1C=O,-0.256,-0.0085,0.2476,-455.146653,6.737539234506628
gdb_52235,N=COCC1CC2NC12,-0.2373,0.0295,0.2668,-419.140924,7.259997850429597
gdb_52238,O=CCCC1CC2CC12,-0.2454,-0.0179,0.2275,-387.060385,6.19059037096227
gdb_52267,O=COCC1CN=CO1,-0.2658,0.0015,0.2673,-475.04288,7.273603543552592
gdb_52278,N=COCC1OCC1=O,-0.2604,-0.0494,0.211,-474.992266,5.741602497903467
gdb_52374,C#CC(=O)COCC=O,-0.2618,-0.0675,0.1943,-457.712368,5.287172347595468
gdb_52433,C#CCOCCCC=O,-0.2538,-0.0238,0.23,-422.973241,6.25861883657724
gdb_52444,C#CCCCCOC=O,-0.2689,0.0066,0.2754,-423.006373,7.494015772145095
gdb_52467,CC#CC#CC(=O)C#C,-0.2535,-0.0912,0.1622,-382.209628,4.413686849099253
gdb_52469,CC#CC#CC(=O)C=O,-0.2599,-0.1108,0.1492,-419.385729,4.0599388279014095
gdb_52472,CC#CC#CC(C)C#C,-0.2316,-0.0069,0.2247,-347.468542,6.114398489473504
gdb_52503,CC#CC#CCOC=N,-0.2429,-0.0258,0.2171,-400.685533,5.907591954003994
gdb_52535,CC#CC(=O)N1CCC1,-0.235,-0.0133,0.2217,-401.928133,6.03276433073554
gdb_52553,CC#CC(=N)OC1CC1,-0.2508,-0.0138,0.237,-401.897782,6.449098540299156
gdb_52649,CC#CC(C)C(C)(C)C,-0.2404,0.0598,0.3002,-352.337312,8.168858151045598
gdb_52663,CC#CC(O)C(N)C#N,-0.2655,0.0188,0.2843,-417.973133,7.7361971097343885
gdb_52725,CC#CC(C)CNC=O,-0.2436,0.0292,0.2728,-403.145884,7.423266167905526
gdb_52752,CC#CC(NC=O)C#C,-0.252,0.0185,0.2705,-400.694123,7.360679979539754
gdb_52817,CC#CC1(O)CC2OC12,-0.2385,0.0368,0.2753,-421.743221,7.4912946335204955
gdb_52824,CC#CC1(C)COC1=N,-0.2508,0.0218,0.2726,-401.915599,7.4178238906563285
gdb_52869,CC#CC1(CO1)C(N)=O,-0.2437,0.0064,0.2501,-437.860266,6.805567700121598
gdb_52890,CC#CC1(CN1C)C#C,-0.2251,0.0204,0.2456,-364.707354,6.683116462014653
gdb_52936,CC#CC12CC(O1)C2C,-0.2326,0.0245,0.2571,-385.79393,6.996047403843514
gdb_52939,CC#CC12CC(C1)C=C2,-0.224,0.0138,0.2379,-348.691111,6.473588787920545
gdb_53023,CC#CC12CC3C1CN23,-0.2271,0.0295,0.2565,-364.68205,6.979720572095922
gdb_53067,CC#CC1=NC2CC2O1,-0.2337,-0.0238,0.2099,-400.712356,5.7116699730328815
gdb_53196,CC#CC1C=CC2CN12,-0.2217,0.0093,0.231,-364.752346,6.285830222823228
gdb_53236,CC#CC1OC(C)C1C,-0.2392,0.0334,0.2725,-387.046367,7.41510275203173
gdb_53249,CC#CC1CC1(C)C#C,-0.2267,0.0313,0.258,-348.681637,7.020537651464904
gdb_53275,CC#CC1CN1C(N)=O,-0.2357,0.0331,0.2688,-417.981574,7.314420622921574
gdb_53346,CC#CC1OC2COC12,-0.2381,0.022,0.26,-421.740008,7.07496042395688
gdb_53389,CC#CC1CCC11CN1,-0.2331,0.0451,0.2781,-365.943131,7.5674865150092625
gdb_53467,CC#CCC(=O)C(=O)N,-0.2386,-0.065,0.1736,-437.901667,4.723896652303517
gdb_53489,CC#CCC(C)(O)C#N,-0.2604,0.0152,0.2756,-401.928799,7.499458049394293
gdb_53529,CC#CCC1(C)CN1C,-0.2203,0.0562,0.2765,-367.152876,7.523948297015682
gdb_53534,CC#CCC1(CCC1)C,-0.2409,0.0573,0.2982,-351.120724,8.114435378553623
gdb_53553,CC#CCC12CC1OC2,-0.2298,0.0518,0.2817,-385.8092,7.66544750549482
gdb_53616,CC#CCC1COC=N1,-0.2384,0.0211,0.2595,-401.92879,7.0613547308338855
gdb_53631,CC#CCCC(=O)C#C,-0.2458,-0.0592,0.1866,-384.637979,5.07764467350136
gdb_53640,CC#CCNC(=N)C=O,-0.2395,-0.0688,0.1707,-417.980052,4.644983632190151
gdb_53651,CC#CCCC(O)C#N,-0.253,0.009,0.262,-401.924688,7.129383196448856
gdb_53842,C1CN1CC(=O)C(=O)N,-0.2374,-0.0635,0.174,-455.144144,4.7347812068019115
gdb_53895,CC(=O)C(C#N)C(N)=O,-0.2704,-0.0594,0.211,-453.997822,5.741602497903467
gdb_53897,NC(=[NH2+])[C-](C#N)C(N)=O,-0.2167,-0.0095,0.2072,-450.198413,5.638199230168714
gdb_54111,OC1(C2CC1[NH2+]2)C([O-])=O,-0.2712,0.0026,0.2737,-474.983812,7.447756415526915
gdb_54123,[NH3+]C1(C2CCC12)C([O-])=O,-0.2448,0.0229,0.2677,-439.082344,7.284488098050987
gdb_54140,CC(=O)C1(C)NC1(C)C,-0.2296,-0.0109,0.2187,-404.34596,5.951130171997575
gdb_54227,CC(=O)C1(O)COC1=O,-0.2651,-0.0499,0.2152,-494.922555,5.855890320136617
gdb_54268,CC1(COCO1)C(N)=O,-0.2402,0.0294,0.2696,-476.250502,7.336189731918365
gdb_54288,NC(=O)C1(CC#N)CO1,-0.2651,-0.0028,0.2623,-453.960817,7.137546612322652
gdb_54318,NC(=O)C1(CN1)C1CO1,-0.2517,0.0125,0.2642,-455.11488,7.189248246190029
gdb_54402,CC(=O)C12CC(C1)CO2,-0.2443,-0.0183,0.226,-423.016813,6.149773291593288
gdb_54415,CC(=O)C12CC1(C)OC2,-0.2387,-0.0177,0.221,-423.00599,6.013716360363348
gdb_54465,NC(=O)C12CC1C1OC21,-0.2399,0.0123,0.2523,-437.829076,6.865432749862773
gdb_54496,NC(=O)C12CC1NC2=O,-0.2502,-0.007,0.2432,-453.96683,6.617809135024281
gdb_54513,NC(=O)C12NC1CC=C2,-0.2391,-0.0019,0.2372,-418.01952,6.454540817548353
gdb_54618,NC(=[NH2+])C1=CC(=O)[CH-]N1,-0.1408,-0.0577,0.083,-434.05619,2.258545058417004
gdb_54651,C1C=C(NC1=O)C(=O)N,-0.2317,-0.044,0.1877,-454.015987,5.107577198371947
gdb_54663,CC(=O)C1=NCC2CN12,-0.2468,-0.0637,0.1831,-417.999009,4.982404821640403
gdb_54677,C1C=C(C(=O)O1)C(=O)N,-0.2585,-0.0685,0.1899,-473.902613,5.1674422481131215
gdb_54691,[O-]C(=O)C1=CCC[NH2+]C1,-0.1666,-0.0233,0.1433,-439.054265,3.8993916490500804
gdb_54766,CC12C[NH+](C1)C2C([O-])=O,-0.194,0.0139,0.2079,-439.00405,5.657247200540905
gdb_54772,CC(=O)C1C2NC1C2=O,-0.2507,-0.0246,0.2261,-437.830929,6.152494430217886
gdb_54834,CC12C[NH2+]C1C2C([O-])=O,-0.2382,0.0245,0.2627,-439.072203,7.148431166821047
gdb_54836,CC12[NH2+]CC1C2C([O-])=O,-0.238,0.0247,0.2627,-439.074536,7.148431166821047
gdb_54857,NC(=O)N1C2COCC12,-0.2449,0.0452,0.2902,-455.148955,7.896744288585718
gdb_54858,[O-]C(=O)C1C2CC[NH2+]C12,-0.241,0.0247,0.2657,-439.101442,7.2300653255590115
gdb_54859,[O-]C(=O)C1C2C[NH2+]CC12,-0.2359,0.0293,0.2652,-439.10589,7.216459632436017
gdb_54908,CC(=O)N1CC(C1)(C)C,-0.2313,0.0371,0.2684,-404.369993,7.303536068423179
gdb_54968,CC(=O)C1NC1(C)C=O,-0.2506,-0.0576,0.193,-439.083597,5.251797545475684
gdb_54981,CC(=O)C1OC11CCC1,-0.2458,-0.0249,0.2209,-423.008369,6.0109952217387494
gdb_55015,NC(=O)C1OC1C(N)=O,-0.2578,0.0,0.2578,-491.110367,7.015095374215705
gdb_55036,NC(=O)C1OC1C1CC1,-0.2507,0.0085,0.2592,-439.070172,7.053191314960089
gdb_55055,NC(=O)C1CN1CC#C,-0.2314,0.0071,0.2385,-417.958046,6.489915619668137
gdb_55059,NC(=O)C1OC1CC#C,-0.2543,0.0061,0.2604,-437.852117,7.085844978455276
gdb_55184,NC(=O)C1OC2COC12,-0.242,0.0049,0.2469,-474.991908,6.718491264134437
gdb_55337,[O-]C(=O)C1[NH2+]CC1C#C,-0.2507,0.0087,0.2594,-437.851622,7.058633592209287
gdb_55368,NC(=O)C1OCC2CC12,-0.2374,0.0362,0.2736,-439.104555,7.445035276902317
gdb_55521,C(=O)(C(=O)NC(=N)N)N,-0.2343,-0.0584,0.1759,-487.337817,4.786482840669289
gdb_55595,C(C=O)C(=O)NC(=N)N,-0.2369,-0.043,0.1939,-471.245991,5.276287793097072
gdb_55632,CC(=O)CC(C)(O)C#C,-0.2541,-0.0273,0.2268,-423.007121,6.171542400590078
gdb_55654,CC(C)(C=O)NC(=O)N,-0.2547,-0.034,0.2207,-456.38562,6.005552944489551
gdb_55701,NC1(CC([O-])=O)C[NH2+]C1,-0.1658,-0.0066,0.1592,-456.28468,4.33205269036129
gdb_55729,CC(=O)CC1(CO1)C=O,-0.254,-0.0308,0.2232,-458.959242,6.073581410104522
gdb_55739,CC(=O)CC12CC(C1)C2,-0.242,-0.0103,0.2317,-387.057701,6.304878193195419
gdb_55746,NC(=O)CC12CC(C1)C2,-0.2444,0.0325,0.2769,-403.129036,7.534832851514077
gdb_55830,[O-]C(=O)CC1C2C[NH2+]C12,-0.2352,0.0349,0.2702,-439.05864,7.352516563665957
gdb_55889,NC(=O)CN1CC1C#C,-0.2359,0.0219,0.2578,-417.962463,7.015095374215705
gdb_55897,CC(=O)CC1CN1C=O,-0.2488,-0.0233,0.2255,-439.090639,6.136167598470294
gdb_55914,CC(=N)OC1CN2CC12,-0.2483,0.0272,0.2755,-419.155225,7.496736910769695
gdb_55941,NC(=O)OC1CC2NC12,-0.2347,0.0581,0.2928,-455.128096,7.967493892825286
gdb_55981,CC(=O)OC1COC1=N,-0.2728,0.0003,0.2731,-475.039766,7.431429583779323
gdb_56013,NC(=O)OC1OCC=C1,-0.2545,0.0025,0.2571,-475.061506,6.996047403843514
gdb_56065,CC(=O)CN=COC=O,-0.2624,-0.0333,0.2291,-475.047546,6.23412858895585
gdb_56113,NC(=O)COC(=N)C#C,-0.2525,-0.0307,0.2217,-453.925978,6.03276433073554
gdb_56129,CC(=O)OCC(=O)C=O,-0.2602,-0.1031,0.157,-494.92743,4.272187640620116
gdb_56137,CC(=N)OCC(C)(C)O,-0.2604,0.0336,0.294,-441.493156,8.00014755632047
gdb_56142,CC(=O)NCC(C)(C)O,-0.2384,0.0386,0.277,-441.521342,7.537553990138677
gdb_56169,CC(=O)OCC1(CC1)O,-0.2545,0.0095,0.2641,-460.174322,7.18652710756543
gdb_56201,NC(=O)CCC1CCO1,-0.2432,0.0356,0.2788,-440.294374,7.586534485381454
gdb_56220,NC(N)=[NH+]CCC([O-])=O,-0.2309,0.0268,0.2577,-472.447669,7.012374235591107
gdb_56244,C(COC(=O)N)C(=O)N,-0.2508,0.0272,0.278,-492.350251,7.564765376384664
gdb_56296,C#CCCCCC(=O)N,-0.2466,0.0322,0.2788,-403.147078,7.586534485381454
gdb_56297,C(CCC(=O)N)CC#N,-0.255,0.0245,0.2796,-419.256521,7.608303594378245
gdb_56301,C(CNCC(=O)N)C#N,-0.2406,0.0185,0.2591,-435.294418,7.05047017633549
gdb_56315,CC(=O)CCCCC=O,-0.247,-0.0207,0.2263,-424.253379,6.157936707467084
gdb_56328,CC(=O)OCCOC=O,-0.2814,-0.0014,0.28,-496.145911,7.61918814887664
gdb_56371,NC(C#C)(C#N)C1CC1,-0.2679,0.004,0.2719,-380.80732,7.3987759202841366
gdb_56430,CC(C#N)C(=O)C(N)=N,-0.2675,-0.0755,0.192,-434.096437,5.224586159229696
gdb_56502,CC(C#C)C(C)(O)C#C,-0.2553,0.0306,0.2859,-385.810766,7.779735327727969
gdb_56536,CC(O)(C=O)C(O)C#C,-0.255,-0.0339,0.2211,-458.914035,6.016437498987946
gdb_56562,NC(C#C)C(N)C(N)=O,-0.2251,0.0303,0.2553,-435.237121,6.947066908600737
gdb_56670,CC(C#N)C1(C)CCC1,-0.2969,0.0362,0.3331,-367.219115,9.064112758538602
gdb_56723,OC(C#N)C1(CC1)C#N,-0.3122,-0.0094,0.3028,-416.800069,8.239607755285167
gdb_56921,CC(C#C)C1CC1C#C,-0.2435,0.0457,0.2892,-348.666152,7.86953290233973
gdb_56934,CC(C#N)C1OC1C#N,-0.3183,-0.0211,0.2972,-416.798002,8.087223992307633
gdb_56964,CC(C#N)N1CC1C=O,-0.2569,-0.0544,0.2026,-417.985077,5.513026853437169
gdb_56970,OC(C#N)C1CC1C=O,-0.264,-0.0358,0.2282,-437.870922,6.209638341334461
gdb_57070,NC(C#N)C1OCC1O,-0.2519,0.0305,0.2824,-455.106649,7.684495475867011
gdb_57101,CC(C#N)C1OCCO1,-0.2686,0.036,0.3047,-439.092585,8.291309389152543
gdb_57203,CC(C(C)=O)C1(C)CN1,-0.2405,-0.0158,0.2247,-404.338992,6.114398489473504
gdb_57258,CC(N)(C#N)C1(C)CC1,-0.2682,0.0344,0.3027,-383.261255,8.236886616660568
gdb_57276,CC(C)(C#N)C1COC1,-0.2527,0.0325,0.2853,-403.134711,7.763408495980376
gdb_57362,CC(C)(C)C1(CN1)C#C,-0.2425,0.0438,0.2862,-367.145638,7.787898743601765
gdb_57385,CC(C)(C)C12CC1CO2,-0.23,0.0776,0.3076,-388.249196,8.370222409265908
gdb_57416,CC(C)(O)C1CC(=N)O1,-0.2633,0.0261,0.2894,-440.286682,7.874975179588927
gdb_57428,CC(C)(C)C1CC1C#N,-0.2818,0.029,0.3108,-367.216423,8.45729884525307
gdb_57538,CC(C)(C)CCC1CO1,-0.2618,0.0751,0.337,-389.469894,9.170237164897957
gdb_57554,CC(C)(C)OCCC#N,-0.2667,0.0347,0.3014,-404.359383,8.201511814540783
gdb_57573,CC(C1CC1)(C2CC2)O,-0.262,0.078,0.34,-388.253097,9.251871323635921
gdb_57609,CC(C)(CC#N)N1CC1,-0.2434,0.0346,0.278,-383.249544,7.564765376384664
gdb_57727,CC(C)(CNC=O)C=O,-0.2491,-0.0259,0.2232,-440.315293,6.073581410104522
gdb_57731,CC(C)(C=O)OCC=O,-0.2592,-0.0359,0.2233,-460.158344,6.07630254872912
gdb_57751,CC(O)C#CC(=O)C#N,-0.2988,-0.1114,0.1874,-436.653998,5.099413782498151
gdb_57800,CC(O)C#CCC(N)=O,-0.2422,0.0245,0.2667,-439.081809,7.257276711804999
gdb_57859,CN(C)C(=O)C(N)C#C,-0.2404,0.0172,0.2576,-419.174244,7.009653096966509
gdb_57899,CC(O)C(=O)C1NC1C,-0.2542,-0.0304,0.2238,-440.268181,6.089908241852114
gdb_57917,CN(C)C(=O)C1CCO1,-0.2361,0.0242,0.2602,-440.272053,7.080402701206077
gdb_57945,CN(C)C(=[NH2+])CC([O-])=O,-0.1909,0.045,0.236,-456.378977,6.4218871540531675
gdb_57973,CC(C)C(=N)OCC#C,-0.2676,0.0217,0.2893,-403.11002,7.872254040964328
gdb_58002,CC(C)C(=O)COC=O,-0.262,-0.0345,0.2275,-460.193158,6.19059037096227
gdb_58004,CC(C)C(=O)OCC=O,-0.2588,-0.0285,0.2303,-460.199307,6.266782252451036
gdb_58043,CC(C)C(C#C)C1CC1,-0.2557,0.0559,0.3116,-351.103807,8.47906795424986
gdb_58051,CC(O)C(C#C)C1CC1,-0.2527,0.054,0.3067,-387.028109,8.345732161644518
gdb_58068,CC(C)C(O)(C#C)C#N,-0.2936,-0.0095,0.284,-401.911387,7.728033693860591
gdb_58073,CC(N)C(O)(C#C)C#N,-0.272,-0.0024,0.2695,-417.960125,7.333468593293766
gdb_58097,CC(O)C(C)(O)C(N)=O,-0.2391,0.036,0.2751,-477.453231,7.485852356271299
gdb_58183,CC(C)C(C)C(C)(C)C,-0.2889,0.0749,0.3638,-354.753289,9.899502316290434
gdb_58193,CC(C)C(C)C(C)C#C,-0.2579,0.0554,0.3133,-352.323814,8.525327310868041
gdb_58206,CC(O)C(C)C(N)C#N,-0.2558,0.017,0.2728,-420.409485,7.423266167905526
gdb_58231,CC(C)C(O)C1(C)CO1,-0.2593,0.077,0.3363,-425.405739,9.151189194525763
gdb_58299,CC(C)C(O)CC1CO1,-0.2598,0.0632,0.323,-425.396229,8.789277757454125
gdb_58320,CC(O)C(C)OCC#N,-0.2697,0.0043,0.274,-440.279081,7.4559198314007125
gdb_58368,CC(C)C(CC#N)C#N,-0.326,0.0148,0.3408,-382.097425,9.27364043263271
gdb_58421,CC(O)C1(C)C(C)C1C,-0.2504,0.0709,0.3214,-389.474576,8.745739539460544
gdb_58499,CC(C)C1(O)CC1C=O,-0.2459,-0.0204,0.2255,-424.21738,6.136167598470294
gdb_58538,CC(C)C1(O)CNC1=O,-0.2432,0.0179,0.2611,-440.297528,7.104892948827467
gdb_58659,CC(N)C1(OC1C)C#N,-0.254,0.0059,0.2599,-419.187441,7.072239285332281
gdb_58698,CC(C)C1(CCO1)C#C,-0.2516,0.0275,0.2791,-387.031876,7.594697901255251
gdb_58723,CC(C)C12C3C4C1N4C23,-0.2089,0.0694,0.2783,-365.884123,7.57292879225846
gdb_58729,CC(O)C12C3C4C3N1C24,-0.2197,0.0604,0.2801,-401.81359,7.621909287501239
gdb_58765,CC(C)C12CC(C1)CC2,-0.2807,0.0792,0.3599,-352.351755,9.793377909931081
gdb_58796,CC(O)C12CC1C(=O)C2,-0.239,-0.0069,0.2321,-423.009162,6.315762747693815
gdb_58798,CC(O)C12CC1C(=O)O2,-0.2741,0.0009,0.2751,-458.950841,7.485852356271299
gdb_58809,CC(O)C12CC(O)C1O2,-0.2508,0.0637,0.3144,-460.11054,8.555259835738628
gdb_58891,CC(C)C12CC1OCC2,-0.2235,0.0806,0.3041,-388.276689,8.27498255740495
gdb_58913,CC(O)C12CC3C1N3C2,-0.2339,0.0612,0.2952,-403.068787,8.032801219815658
gdb_58933,CC(C)C12CC3CC1N23,-0.2359,0.0855,0.3215,-367.156019,8.748460678085141
gdb_59005,CC(C)C1=CCC(=O)C1,-0.2382,-0.014,0.2242,-387.126193,6.100792796350509
gdb_59018,CC(C)C1=CCC(C)C1,-0.2237,0.0349,0.2586,-352.377417,7.036864483212496
gdb_59027,CC(O)C1=CCC2CC12,-0.2262,0.0192,0.2455,-387.080722,6.680395323390053
gdb_59031,CC(O)C1=NCC2CN12,-0.2503,-0.0012,0.2491,-419.18614,6.77835631387561
gdb_59045,CC(O)C1=CCCC1O,-0.2404,0.0141,0.2545,-424.230563,6.925297799603946
gdb_59054,CC(O)C1=NCCCO1,-0.2503,0.0208,0.2711,-440.301079,7.377006811287346
gdb_59087,CC(O)C1C(C)C1C=O,-0.2384,-0.0169,0.2215,-424.211874,6.027322053486341
gdb_59102,CC(O)C1C(O)CC1=O,-0.2462,-0.0275,0.2187,-460.151177,5.951130171997575
gdb_59185,CC(C)C1C2CC1C2=O,-0.2381,0.0131,0.2512,-387.05174,6.835500224992185
gdb_59212,CC(C)C1C2CC1OC2,-0.232,0.0823,0.3143,-388.262742,8.552538697114029
gdb_59220,CC(C)C1C2OC2C1=O,-0.242,-0.0302,0.2118,-422.994813,5.763371606900258
gdb_59280,CC(O)C1C=CC2OC12,-0.244,-0.0037,0.2404,-422.9986,6.541617253535515
gdb_59306,CC(C)C1NC(=O)C1O,-0.2494,0.0214,0.2707,-440.29868,7.366122256788951
gdb_59437,CC(C)C1CN1C(N)=O,-0.2418,0.0444,0.2862,-420.415819,7.787898743601765
gdb_59446,CC([NH3+])C1OC1C([O-])=O,-0.2505,0.0102,0.2607,-476.21895,7.094008394329071
gdb_59478,CC(O)C1CN1C1CC1,-0.2116,0.0709,0.2825,-404.283773,7.687216614491609
gdb_59493,CC(C)N1CC1CC#N,-0.233,0.029,0.2621,-383.244235,7.132104335073454
gdb_59539,CC(O)C1CC2C(C)N12,-0.2326,0.0706,0.3033,-404.289975,8.253213448408161
gdb_59542,CC(O)C1CN2C(C)C12,-0.2222,0.0627,0.2848,-404.287401,7.749802802857382
gdb_59560,CC(O)C1CC2CC1C2,-0.258,0.0771,0.3352,-388.274662,9.121256669655176
gdb_59644,CC(C)C1COC(C)O1,-0.2515,0.0837,0.3352,-425.435976,9.121256669655176
gdb_59690,CC(O)C1NCC1C#N,-0.2448,0.0288,0.2736,-419.18441,7.445035276902317
gdb_59726,CC(C)C1CCC=CC1,-0.2341,0.0341,0.2682,-352.374792,7.298093791173981
gdb_59733,CC(C)C1CCCC1=O,-0.2324,-0.0138,0.2186,-388.328895,5.948409033372976
gdb_59754,CN(C)C1COCC1=O,-0.2196,-0.0287,0.1909,-440.270391,5.194653634359109
gdb_59761,CC(C)C1OCCC1O,-0.2378,0.0622,0.3,-425.427531,8.1634158737964
gdb_59792,CC(O)C1COCCO1,-0.2371,0.0799,0.317,-461.351085,8.626009439978196
gdb_59795,CC(C)N=C(C(=O)C)N,-0.239,-0.0485,0.1905,-420.435543,5.1837690798607134
gdb_59839,CC(C)CC#CCC#N,-0.2664,0.0201,0.2865,-365.9989,7.796062159475561
gdb_59844,CC(C)CC(=O)C(=O)C,-0.2384,-0.0813,0.1571,-424.261276,4.274908779244714
gdb_59866,CC(C)NC(=O)C(C)O,-0.2525,0.0235,0.276,-441.521281,7.510342603892688
gdb_59965,CC(C)OC(C)C(N)=O,-0.2345,0.0301,0.2646,-441.509445,7.200132800688425
gdb_60078,CC(O)CC1(CC1)C#N,-0.2697,0.0368,0.3065,-403.144378,8.340289884395322
gdb_60097,CC(C)OC12CN(C1)C2,-0.2413,0.0747,0.3161,-404.262877,8.601519192356806
gdb_60121,CC(C)CC1C(C)C1C,-0.2552,0.0797,0.3348,-353.54677,9.110372115156782
gdb_60184,CC(C)CN1CC1C#C,-0.2287,0.0342,0.2629,-367.143157,7.153873444070245
gdb_60191,CC(O)CC1NC1C#N,-0.2578,0.0043,0.2621,-419.18465,7.132104335073454
gdb_60207,CC(O)CN1CC1C=O,-0.2311,-0.0267,0.2044,-440.241685,5.562007348679947
gdb_60209,CC(C)CC1CC2OC12,-0.2485,0.0809,0.3294,-388.24772,8.963430629428448
gdb_60311,CC(C)COC(=O)C#C,-0.2776,-0.0398,0.2378,-423.016941,6.470867649295946
gdb_60335,CC(O)COC(=N)C=O,-0.2695,-0.0754,0.1941,-476.218632,5.281730070346271
gdb_60370,CC(C)OCC(C)C=O,-0.2503,-0.0212,0.229,-425.429372,6.231407450331252
gdb_60458,CC(C)COCC1CN1,-0.2444,0.0781,0.3225,-405.506363,8.77567206433113
gdb_60493,CC(C)OCCOC=O,-0.2677,0.0163,0.284,-461.372881,7.728033693860591
gdb_60580,CN1CC1C(O)C1CN1,-0.2326,0.0547,0.2873,-420.324589,7.817831268472352
gdb_60597,OC(C1CN1)C1CCO1,-0.2402,0.0436,0.2838,-440.215798,7.722591416611394
gdb_60654,NC(=O)C(O)C1COC1,-0.2515,0.0086,0.26,-476.216942,7.07496042395688
gdb_60667,CC(N=C(N)C=O)C#N,-0.2676,-0.0786,0.189,-434.082273,5.142952000491732
gdb_60669,CC(C=O)(C#C)C1CN1,-0.2443,-0.0364,0.2079,-401.880055,5.657247200540905
gdb_60692,C1C(CO1)N=C(C=O)N,-0.2497,-0.0696,0.1801,-455.119818,4.900770662902439
gdb_60803,CC(C(O)C=O)C(N)=O,-0.2467,-0.0519,0.1947,-476.256543,5.2980569020938635
gdb_60826,CC(C=O)C(O)C1CO1,-0.2433,-0.0207,0.2225,-460.133478,6.05453343973233
gdb_60845,CC(C=O)C1(O)CC1O,-0.2386,-0.0116,0.227,-460.138011,6.176984677839276
gdb_60862,CC1(COC1)C(O)C=O,-0.2533,-0.0451,0.2082,-460.135508,5.665410616414701
gdb_60920,OC(C=O)C1=NCCO1,-0.2573,-0.0371,0.2202,-475.028484,5.9919472513665575
gdb_60949,OC(C=O)C1C2CCN12,-0.2388,-0.0413,0.1976,-439.023829,5.376969922207229
gdb_60966,CC1CC(C1)C(O)C=O,-0.2675,-0.0358,0.2317,-424.217189,6.304878193195419
gdb_60999,OC(C=O)C1OC1C#N,-0.2848,-0.056,0.2288,-473.791979,6.225965173082054
gdb_61011,CC(C=O)C1CC2CN12,-0.2376,-0.0197,0.2179,-403.098928,5.929361063000785
gdb_61015,CC(C=O)C1OC2CC12,-0.242,-0.0276,0.2145,-422.979017,5.836842349764425
gdb_61027,CC(C=O)C1CC=CC1,-0.2423,-0.019,0.2233,-387.105975,6.07630254872912
gdb_61069,CC(C=O)C1CCCC1,-0.243,-0.0166,0.2264,-388.312619,6.1606578460916825
gdb_61171,CC(C)(C)N(C)CC#N,-0.2276,0.0289,0.2564,-384.460492,6.976999433471323
gdb_61190,NC(C#N)C(O)CC#C,-0.2644,0.015,0.2794,-417.961256,7.6028613171290464
gdb_61207,CC(CC#C)N(C)C=O,-0.2406,0.0322,0.2728,-403.131203,7.423266167905526
gdb_61279,CC(CC#C)OC(C)=O,-0.265,0.0169,0.2819,-423.02892,7.670889782744016
gdb_61333,CC(CC#CC=O)C#N,-0.2775,-0.0735,0.2041,-400.734064,5.553843932806151
gdb_61334,OC(CC#CC=O)C#C,-0.2654,-0.0606,0.2048,-420.547686,5.572891903178342
gdb_61339,CC(CC(=O)C#C)C#C,-0.2602,-0.063,0.1972,-384.62755,5.366085367708833
gdb_61477,CC(CC(O)C#C)C#N,-0.2766,0.0191,0.2957,-401.917736,8.046406912938652
gdb_61577,CC(CC1CC1)C1CC1,-0.2619,0.0938,0.3557,-352.324028,9.679090087697931
gdb_61586,CC(OC1CC1)C1CC1,-0.2372,0.0858,0.3231,-388.24464,8.791998896078722
gdb_61611,CC(OC1CC1C)C#C,-0.2399,0.0382,0.2781,-387.021027,7.5674865150092625
gdb_61692,CC(OC=N)(C#C)C#C,-0.2664,-0.0033,0.2631,-400.650754,7.159315721319443
gdb_61695,CC(C#C)(C#C)OC=O,-0.2733,-0.01,0.2634,-420.553532,7.167479137193239
gdb_61705,CC(OC=N)(C=O)C#N,-0.2891,-0.071,0.2181,-453.938256,5.9348033402499825
gdb_61706,CC(OC=O)(C=O)C#C,-0.2744,-0.064,0.2104,-457.735293,5.725275666155875
gdb_61715,CC(=NC1CC1)NC=O,-0.2298,-0.0123,0.2175,-419.217997,5.91847650850239
gdb_61782,CC(OC=N)C(O)C#C,-0.2544,0.0182,0.2726,-439.029365,7.4178238906563285
gdb_61791,CC(C=O)C(O)CC=O,-0.2482,-0.0348,0.2134,-460.164084,5.8069098248938396
gdb_61800,CC(OC=O)C(C)C=O,-0.2571,-0.0333,0.2239,-460.18827,6.092629380476713
gdb_61935,OC(CCC#N)C1CO1,-0.2771,0.0359,0.313,-439.061427,8.517163894994244
gdb_61937,CC(CC#C)OCC#C,-0.2528,0.0331,0.2859,-385.798317,7.779735327727969
gdb_61952,OC(CCC#C)CC#N,-0.2684,0.0241,0.2925,-401.918562,7.959330476951489
gdb_61974,CC(=O)NCC(N)C#N,-0.245,0.0048,0.2497,-435.294309,6.794683145623203
gdb_62008,[NH3+]C(CCC([O-])=O)C#C,-0.243,0.0202,0.2632,-439.07593,7.162036859944041
gdb_62017,CC(CNC(C)=O)C=O,-0.2445,-0.0249,0.2196,-440.323819,5.975620419618965
gdb_62047,CC(OCC1CN1)C#N,-0.2563,0.0146,0.2709,-419.165064,7.371564534038148
gdb_62052,NC(CCN1CC1)C#N,-0.2401,0.0276,0.2676,-399.290647,7.281766959426388
gdb_62092,CC(NCC=O)C(N)=O,-0.231,-0.0221,0.2089,-456.362013,5.684458586786893
gdb_62149,OC(CNC=O)CC#N,-0.2624,0.0115,0.2739,-455.169334,7.4531986927761125
gdb_62155,CC(CCC=O)CC=O,-0.2519,-0.0292,0.2227,-424.238734,6.059975716981528
gdb_62248,OC(CCOC=O)C#C,-0.2766,0.0072,0.2838,-458.929086,7.722591416611394
gdb_62259,CN(CCCC=O)C=O,-0.2474,-0.0307,0.2167,-440.307152,5.896707399505599
gdb_62266,OC(CCOC=O)C=O,-0.2809,-0.0517,0.2293,-496.114209,6.239570866205049
gdb_62340,CC1(C#C)C2OC(=O)C12,-0.2666,-0.0207,0.2458,-420.578121,6.68855873926385
gdb_62382,OC1(C#N)C2CC1C=C2,-0.2483,-0.0088,0.2395,-400.712206,6.5171270059141255
gdb_62405,CC1(C#C)C2CN2C1=O,-0.2441,-0.0221,0.222,-400.680891,6.040927746609336
gdb_62468,CC1(O)C(=O)C=CC1=O,-0.2522,-0.1007,0.1515,-457.797563,4.122525016267182
gdb_62515,CC1(C)C(C#C)N1C=O,-0.2501,0.0009,0.251,-401.904802,6.830057947742988
gdb_62532,CC1(N)C(OC1=N)C#C,-0.2464,0.0097,0.2561,-417.955255,6.968836017597527
gdb_62533,CC1(N)C(OC1=N)C#N,-0.2638,-0.0099,0.2539,-434.059046,6.908970967856353
gdb_62674,CC12CC1N1C2C1(C)C,-0.21,0.067,0.277,-367.116945,7.537553990138677
gdb_62686,CC1(O)C2C3CC3C12O,-0.1926,0.0624,0.2551,-422.926366,6.941624631351538
gdb_62770,CC1(O)C2NC(=O)OC12,-0.248,0.0451,0.2931,-475.038519,7.975657308699083
gdb_62808,CC1(C)C2CC1(C2)C#N,-0.2972,0.0252,0.3224,-365.973052,8.772950925706532
gdb_62849,CC1(C)C2CC1C(=O)C2,-0.2298,-0.0032,0.2266,-387.09542,6.166100123340881
gdb_62871,CC1(O)C2OC1C1CC21,-0.2428,0.07,0.3128,-422.958084,8.511721617745046
gdb_62876,CC1(C)C2OC1C2(C)C,-0.2344,0.0798,0.3142,-388.207702,8.549817558489428
gdb_63061,CC1(O)C2CC3CC2C13,-0.2501,0.0762,0.3264,-387.049342,8.881796470690484
gdb_63089,CC1(C)C2CNC(=O)C12,-0.2353,0.0318,0.2671,-403.182412,7.2681612663033945
gdb_63098,CC1(O)C2CNC(=O)C12,-0.2376,0.0279,0.2655,-439.107502,7.224623048309814
gdb_63102,CC1(O)C2OCC(=O)C12,-0.2412,-0.0262,0.215,-458.950026,5.85044804288742
gdb_63176,CC1(O)C2OCCC12C,-0.2224,0.071,0.2934,-424.205772,7.983820724572879
gdb_63211,CC1(O)C=CC=CC=C1,-0.2159,-0.0359,0.18,-385.898862,4.898049524277839
gdb_63255,CC1(CC(=O)C(=O)O1)C,-0.2524,-0.0802,0.1721,-459.019164,4.683079572934535
gdb_63300,CC1(C)NC(=O)C1C=O,-0.2535,-0.032,0.2215,-439.113415,6.027322053486341
gdb_63334,CC1(C(=O)NC(=O)N1)C,-0.2605,-0.0053,0.2552,-455.238466,6.944345769976137
gdb_63642,CC1(C)OC1C1CCC1,-0.2525,0.0846,0.3372,-388.263479,9.175679442147153
gdb_63721,CC1(O)CC2(OC12)C#N,-0.2804,-0.0039,0.2764,-437.846984,7.521227158391082
gdb_63738,CC1(CC2(CC2)C=C1)C,-0.2193,0.0275,0.2469,-351.154718,6.718491264134437
gdb_63747,CC1(CC2(C1)CCO2)C,-0.2354,0.0753,0.3107,-388.265571,8.45457770662847
gdb_63763,CC1(C)CN2C(C#N)C12,-0.2545,0.0081,0.2627,-382.032066,7.148431166821047
gdb_63869,CC1(O)CC2OC12C#N,-0.2733,-0.0053,0.268,-437.84917,7.292651513924784
gdb_63896,CC1(C)CC2NC2C1=O,-0.2291,-0.0178,0.2113,-403.150959,5.749765913777264
gdb_63901,CC1(O)CC2CN2C1=O,-0.2414,-0.0163,0.2251,-439.082736,6.125283043971899
gdb_63917,CC1(C)CC2OC3C2C13,-0.2226,0.0859,0.3086,-387.055319,8.397433795511896
gdb_64001,CC1(CN=C(O1)C=O)C,-0.2611,-0.0698,0.1914,-439.11097,5.208259327482103
gdb_64115,CC1(O)CCC(=C1)C#C,-0.231,-0.0235,0.2075,-385.869477,5.646362646042509
gdb_64168,CC1(C)OCC1(C)C#C,-0.2459,0.0427,0.2886,-387.040128,7.853206070592137
gdb_64201,CC1(O)CCC11CCC1,-0.2487,0.0733,0.3219,-388.266137,8.759345232583538
gdb_64203,CC1(O)CCC11COC1,-0.2374,0.0626,0.3,-424.184268,8.1634158737964
gdb_64275,CC1(C)COC2CC2C1,-0.2236,0.0735,0.2971,-388.276442,8.084502853683034
gdb_64407,CC1(C)CCCC2OC12,-0.2559,0.0782,0.3341,-388.292191,9.09132414478459
gdb_64468,CC1(COCCC=C1)C,-0.2334,0.0217,0.2551,-388.289291,6.941624631351538
gdb_64483,CC1(COCCOC1)C,-0.2446,0.0746,0.3193,-425.413082,8.688595628343966
gdb_64514,OC1(C2CO2)C2CCC12,-0.2477,0.0641,0.3117,-422.954981,8.48178909287446
gdb_64623,OC1(C=CC2CC12)C#C,-0.2363,-0.001,0.2353,-384.631355,6.402839183680976
gdb_64714,CC1(CC#N)CC2OC12,-0.2682,0.0289,0.2971,-401.917847,8.084502853683034
gdb_64795,CC1(CC(=O)C#C)CO1,-0.2617,-0.0625,0.1992,-421.773479,5.420508140200809
gdb_64808,CC1(CC(=N)O1)C1CN1,-0.2512,0.022,0.2732,-419.17721,7.434150722403921
gdb_64832,CC1(NC(=O)C=C1)C#C,-0.2487,-0.0355,0.2132,-400.750673,5.801467547644641
gdb_64845,CC1(CC(C1)C#C)C#N,-0.2706,0.0155,0.2861,-364.779705,7.785177604977167
gdb_64872,CC1(CC(O1)C=O)C#N,-0.2633,-0.0459,0.2173,-437.876803,5.913034231253192
gdb_64886,CC1(CC1(C)C#C)C#C,-0.2359,0.0388,0.2747,-348.6694,7.4749678017729035
gdb_64964,OC1(CC1)C(=O)C1CN1,-0.2507,-0.0295,0.2212,-439.049215,6.019158637612546
gdb_64976,CC1(CC1)C(=N)OC=O,-0.2757,-0.0262,0.2495,-439.092543,6.789240868374006
gdb_64992,CC1(CO1)C(=O)OC=N,-0.2773,-0.0386,0.2387,-475.019992,6.495357896917335
gdb_64993,C1CC1(C(=O)NC=O)N,-0.2469,-0.0305,0.2164,-455.161039,5.888543983631803
gdb_65000,OC1(CC1)C(=O)OC=N,-0.2601,-0.03,0.2301,-475.025625,6.261339975201839
gdb_65034,CC1(CO1)C1(C)CCC1,-0.2584,0.0821,0.3405,-388.259416,9.265477016758915
gdb_65063,OC1(CC1)C1(CN1)C#C,-0.238,0.0352,0.2732,-401.853294,7.434150722403921
gdb_65136,CC1(CO1)C1C2CCC12,-0.2427,0.0863,0.3289,-387.029992,8.949824936305454
gdb_65242,OC1(CC1)C1CCC1=O,-0.2408,-0.022,0.2188,-423.004101,5.953851310622174
gdb_65320,CC1(CC1C#N)C1CO1,-0.2805,0.0261,0.3066,-401.923528,8.34301102301992
gdb_65348,CC1(CC1N1CC1)C#N,-0.2538,0.0368,0.2906,-382.032933,7.9076288430841135
gdb_65386,OC1(CC1C1CN1)C=O,-0.2381,-0.0362,0.2019,-439.038766,5.493978883064977
gdb_65412,CC1(NC1CC#C)C#C,-0.2398,0.0311,0.2709,-364.71033,7.371564534038148
gdb_65421,NC1(CC1CC#N)C#N,-0.2875,0.0084,0.2959,-396.929352,8.051849190187848
gdb_65522,OC1(CC2NC12)C1CN1,-0.2349,0.0712,0.3061,-419.120257,8.329405329896925
gdb_65659,OC1(CC2CCO2)CC1,-0.2307,0.0633,0.294,-424.175212,8.00014755632047
gdb_65691,CC1(CC1C#C)NC=O,-0.2399,0.022,0.2619,-401.919465,7.126662057824258
gdb_65717,CC1(CC2NC12)OC=N,-0.2409,0.0232,0.2641,-419.146801,7.18652710756543
gdb_65788,CC1(CN=CO1)C1CC1,-0.2469,0.026,0.2729,-403.147943,7.425987306530124
gdb_65806,CC1(CCC#N)CCO1,-0.2591,0.0397,0.2988,-403.146445,8.130762210301214
gdb_65813,CC1(COC1)OCC#N,-0.255,0.0033,0.2583,-439.049757,7.0287010673387
gdb_65877,CC1(OCC(=O)O1)C=O,-0.265,-0.0527,0.2122,-494.937424,5.774256161398653
gdb_65916,CC1(CCC1)C1CCO1,-0.2411,0.0826,0.3237,-388.257477,8.808325727826315
gdb_65986,CC1(COC1=N)N1CC1,-0.2414,0.0249,0.2663,-419.158201,7.2463921573066035
gdb_66089,CC1(OCC1C=O)C=O,-0.2539,-0.0432,0.2107,-458.949409,5.733439082029672
gdb_66103,CC1(COC2CC12)C#N,-0.2506,0.0347,0.2853,-401.941095,7.763408495980376
gdb_66108,CC1(OCC2CC12)C#N,-0.2791,0.0244,0.3035,-401.950229,8.258655725657357
gdb_66125,OC1(CCN2CC12)C#N,-0.2505,0.0043,0.2548,-417.98377,6.933461215477743
gdb_66144,CC1(CC1)OCC1CN1,-0.2428,0.0748,0.3177,-404.284022,8.645057410350386
gdb_66216,CC1(CC1)OCCC#N,-0.2637,0.0328,0.2965,-403.135759,8.068176021935441
gdb_66362,CC1(COCOC1)C#N,-0.2779,0.0366,0.3145,-439.091081,8.557980974363225
gdb_66453,CC12C3C1C1(O)C3OC21,-0.2321,0.0688,0.3009,-421.734503,8.18790612141779
gdb_66457,CC12C3C4N1CC2C34O,-0.2095,0.0703,0.2798,-401.844393,7.613745871627442
gdb_66489,CC12OC3C4C1C4(O)C23,-0.2359,0.0712,0.3072,-421.733566,8.359337854767512
gdb_66514,CC12C3C1C1=CCC3C21,-0.1911,-0.0293,0.1618,-348.629484,4.402802294600858
gdb_66638,CC12C3C4CC(CC14)N23,-0.2319,0.0994,0.3313,-365.985435,9.015132263295824
gdb_66640,OC12C3C1C1CC3C2C1,-0.2359,0.0746,0.3105,-385.863161,8.449135429379274
gdb_66656,OC12C3C4C(C13)N4C2=N,-0.2464,-0.0059,0.2405,-416.730677,6.544338392160114
gdb_66659,OC12C3C4C(N4C13)C2=O,-0.2363,-0.0399,0.1964,-436.616223,5.344316258712043
gdb_66681,CC12C3C4C(CN14)C23O,-0.2105,0.0693,0.2798,-401.84404,7.613745871627442
gdb_66706,CC12C3C4C1C2(C#C)N34,-0.2193,0.013,0.2323,-363.451536,6.321205024943012
gdb_66736,OC12C3C4N3C1C24C=O,-0.2207,-0.0378,0.1829,-436.555728,4.976962544391205
gdb_66834,CC12C3C4CN1C4C23O,-0.2127,0.0703,0.2829,-401.844137,7.6981011689900045
gdb_66932,CC12C3CC(N13)C2(C)O,-0.2351,0.0711,0.3062,-403.087432,8.332126468521526
gdb_66998,CC12C3CC(NC1=O)C23,-0.2334,0.0256,0.259,-401.958658,7.047749037710892
gdb_67009,OC12C3OC(CC1=O)C23,-0.2326,-0.0269,0.2057,-457.730469,5.5973821507997314
gdb_67026,CC12C3CC1(O)C=CC23,-0.2226,0.0178,0.2404,-385.856805,6.541617253535515
gdb_67035,CC12C3CC1(C)OCC23,-0.2305,0.0876,0.3181,-387.069694,8.655941964848783
gdb_67072,CC12C3CC1(CN23)C#C,-0.2322,0.0297,0.2619,-364.71254,7.126662057824258
gdb_67109,CC12C3OC11COC2C31,-0.2341,0.0648,0.2989,-421.696874,8.133483348925813
gdb_67113,OC12C3CC11COC2C31,-0.232,0.0695,0.3015,-421.720912,8.20423295316538
gdb_67240,OC12C3OC1C(C=O)C23,-0.2404,-0.0261,0.2143,-457.675383,5.831400072515228
gdb_67243,CC12C3CC1C1(CO1)C23,-0.2399,0.0978,0.3377,-385.809659,9.189285135270147
gdb_67255,OC12C3NC1C1(CO1)C23,-0.2227,0.0684,0.291,-437.764501,7.918513397582507
gdb_67258,OC12C3OC1C1(CO1)C23,-0.2335,0.06,0.2935,-457.63822,7.986541863197477
gdb_67302,OC12C3NC1C3C21NC1,-0.2317,0.0774,0.3091,-417.861643,8.41103948863489
gdb_67335,OC12C3NC1C3C2C=O,-0.2376,-0.0301,0.2075,-437.781995,5.646362646042509
gdb_67336,CC12C3CC1C3CC2=O,-0.2313,-0.0095,0.2219,-385.873486,6.038206607984737
gdb_67340,CC12C3CC1N3CC2=O,-0.2221,-0.0173,0.2048,-401.902802,5.572891903178342
gdb_67472,OC12C3CC1CCOC23,-0.2222,0.0738,0.296,-422.981105,8.054570328812447
gdb_67486,CC12C(C#C)C1N1CC21,-0.2235,0.0338,0.2573,-364.676607,7.001489681092711
gdb_67504,CC12C3CC3C1C2C=O,-0.215,-0.0227,0.1923,-385.812965,5.232749575103492
gdb_67615,OC12C3OC4C(NC14)C23,-0.2308,0.0699,0.3007,-437.825541,8.182463844168591
gdb_67646,CC12C3OC4CN(C13)C24,-0.2018,0.071,0.2728,-401.87165,7.423266167905526
gdb_67667,CC12C3CC=C1C=CC23,-0.1895,-0.0146,0.1749,-348.689399,4.759271454423301
gdb_67691,CC12C3COC1C(=O)C23,-0.2248,-0.0061,0.2187,-421.81157,5.951130171997575
gdb_67694,CC12C3OCC1C(=O)C23,-0.2391,-0.0018,0.2374,-421.812822,6.4599830947975505
gdb_67842,CC12N=COC1C1OC21,-0.2519,0.0186,0.2705,-437.847012,7.360679979539754
gdb_67867,NC12C=CCC1OC2=N,-0.2396,-0.0037,0.2359,-418.003904,6.419166015428569
gdb_67900,CC12NC(=O)C1C1NC21,-0.2275,0.0286,0.2561,-417.962483,6.968836017597527
gdb_67964,CC12CCOC1C(=N)O2,-0.257,0.0147,0.2717,-439.088082,7.393333643034939
gdb_67965,CC12CCOC1C(=O)N2,-0.232,0.0224,0.2544,-439.106935,6.922576660979347
gdb_68020,CC12CC(C)(C1)C1NC21,-0.2222,0.0879,0.3101,-367.164384,8.438250874880879
gdb_68043,CC12CC(C)(C1)C21CO1,-0.2484,0.0945,0.3429,-387.021983,9.330784343749285
gdb_68121,CC12CC(C1)(C=O)C=C2,-0.2375,-0.0238,0.2137,-385.861869,5.815073240767635
gdb_68137,CC12CC(C1)(OC2)C#C,-0.2376,0.0341,0.2716,-385.831347,7.390612504410341
gdb_68150,CC12CC(CC1)(O2)C=O,-0.2537,-0.0356,0.2181,-423.017057,5.9348033402499825
gdb_68210,OC12CN(C1)C(C2)C=O,-0.2411,-0.0318,0.2092,-439.043957,5.6926220026606895
gdb_68273,NC1(C#N)C2CC1(O)C2,-0.2648,0.0266,0.2913,-417.953992,7.926676813456305
gdb_68300,CC12CC(C1)C2C1CO1,-0.2608,0.0875,0.3483,-387.009482,9.47772582947762
gdb_68353,CC12CC(O1)C=CC=C2,-0.2197,-0.0432,0.1764,-385.877094,4.800088533792283
gdb_68358,CC12CC(O1)C=CCC2,-0.2313,0.0083,0.2395,-387.081595,6.5171270059141255
gdb_68359,OC12CC(C1)C=CCC2,-0.2333,0.0198,0.2531,-387.080508,6.887201858859562
gdb_68371,CC12CC(C1)OC(=O)N2,-0.2479,0.0541,0.302,-439.11804,8.217838646288376
gdb_68458,CC12CC(CNC1=O)O2,-0.231,0.0191,0.25,-439.10623,6.802846561497
gdb_68503,CC12NC(C1C=O)C2=O,-0.2479,-0.0343,0.2137,-437.831238,5.815073240767635
gdb_68553,CC12OC(C=C1)C21CO1,-0.2417,-0.0027,0.239,-421.745766,6.503521312791132
gdb_68572,CC12CC(C=CC1)C2=O,-0.2221,-0.0052,0.217,-385.903505,5.904870815379396
gdb_68619,CC12CCC(N1)C2C#N,-0.2546,0.0333,0.2878,-382.064029,7.8314369615953465
gdb_68787,CC12CC1(O)C(C)(O)C2,-0.2174,0.0642,0.2816,-424.195857,7.662726366870221
gdb_68892,CC12CC1(O)C=CCO2,-0.2169,0.0128,0.2297,-423.001982,6.250455420703443
gdb_68958,CC12CC1(C=O)N=CO2,-0.2505,-0.033,0.2174,-437.891846,5.915755369877791
gdb_68980,CC12CCC1(CC#C)N2,-0.2209,0.0484,0.2692,-365.932588,7.32530517741997
gdb_69029,OC12CC1(NC2=N)C#C,-0.2174,-0.0072,0.2103,-416.719013,5.722554527531276
gdb_69033,OC12CC1(OC2=N)C#N,-0.2686,-0.0333,0.2353,-452.705189,6.402839183680976
gdb_69043,OC12CC1(NC2=N)C=O,-0.2478,-0.0451,0.2027,-453.905586,5.515747992061767
gdb_69069,CC12NC1(CC=C2)C#C,-0.2251,0.0098,0.2348,-364.759798,6.389233490557983
gdb_69080,OC12CC1(CC=C2)C=O,-0.232,-0.0318,0.2001,-421.82803,5.444998387822198
gdb_69084,CC12CC1(CCO2)C#N,-0.2503,0.0287,0.279,-401.954647,7.591976762630653
gdb_69093,CC12CCCC1(N2)C#N,-0.2659,0.0237,0.2896,-382.078923,7.880417456838125
gdb_69105,OC12CC1(CCC2)C#C,-0.237,0.0386,0.2756,-385.851998,7.499458049394293
gdb_69123,OC12CC1(OCC2)C=O,-0.2348,-0.0362,0.1985,-458.950749,5.401460169828618
gdb_69130,CC12CC1C(=O)C(=O)O2,-0.2541,-0.0799,0.1743,-457.795598,4.742944622675709
gdb_69164,CC12NC1C(=O)C2(C)C,-0.2285,-0.0135,0.215,-403.123411,5.85044804288742
gdb_69216,CC12CN1C(=O)OC2=N,-0.2849,-0.0267,0.2583,-453.969169,7.0287010673387
gdb_69256,CC12CC1C(=O)COC2,-0.2294,-0.0167,0.2127,-423.026871,5.787861854521648
gdb_69268,CC12CN1C(=O)CCC2,-0.2377,0.0066,0.2442,-403.164056,6.645020521270269
gdb_69284,CC12CC1C(=CC2)C#N,-0.2494,-0.0413,0.2081,-364.829737,5.662689477790103
gdb_69379,OC12CC1C(C2)C1CO1,-0.2506,0.0831,0.3337,-422.955131,9.080439590286195
gdb_69408,CC12NC1C(C=C2)C#C,-0.2359,0.0076,0.2435,-364.752353,6.625972550898077
gdb_69439,CC12CN1C(CC2)C#N,-0.252,0.0282,0.2801,-382.06756,7.621909287501239
gdb_69442,CC12COC(C#C)C1N2,-0.2501,0.0306,0.2807,-401.884565,7.638236119248831
gdb_69450,OC12CC1C(OC2)C#N,-0.2783,0.0146,0.2929,-437.868936,7.970215031449885
gdb_69531,CC12CC(O1)C1(O)CC21,-0.2394,0.0779,0.3173,-422.972929,8.634172855851993
gdb_69672,CC12CC1C1C(C#C)N21,-0.2172,0.0243,0.2415,-364.676504,6.571549778406101
gdb_69675,CC12CC1N1C(C#C)C21,-0.218,0.0241,0.242,-364.674076,6.585155471529095
gdb_69748,CC12CC1C1OC(=O)C21,-0.2524,0.0059,0.2583,-421.805535,7.0287010673387
gdb_69795,CC12OC1C1CC1C2=O,-0.2377,-0.0334,0.2043,-421.814508,5.559286210055348
gdb_69801,OC12CC1C1CN1C2=O,-0.2512,-0.0239,0.2272,-437.854417,6.182426955088474
gdb_69825,CC12CC1N1CC1CC2,-0.2143,0.0848,0.2991,-367.176145,8.13892562617501
gdb_69833,CC12CCN3CC3C1O2,-0.2271,0.0686,0.2957,-403.10773,8.046406912938652
gdb_69864,CC12CC1N1CC21C#C,-0.217,0.018,0.235,-364.684933,6.394675767807179
gdb_70033,OC12CC1C1CCOC21,-0.2298,0.0811,0.3108,-422.982915,8.45729884525307
gdb_70067,CC12CC(=O)C=CC1O2,-0.2452,-0.0633,0.1819,-421.839812,4.949751158145217
gdb_70104,OC12CC1C=CC21CN1,-0.2255,0.0084,0.2339,-401.902424,6.364743242936592
gdb_70111,CC12NC1C=CC2C#N,-0.2488,-0.01,0.2388,-380.859442,6.4980790355419344
gdb_70131,CC12CN1C=NCC2=O,-0.2323,-0.0323,0.2,-417.998805,5.4422772491976
gdb_70160,CC12CC1NC(=N)C2=O,-0.2388,-0.0531,0.1857,-418.016695,5.053154425879971
gdb_70222,OC12CC1OC(=N)CC2,-0.2489,0.0304,0.2792,-439.07504,7.597419039879849
gdb_70275,CC12CC1CC(O2)C=O,-0.2338,-0.0244,0.2094,-423.01847,5.698064279909887
gdb_70331,CC12CC1OC1CC21O,-0.2258,0.0683,0.294,-422.977641,8.00014755632047
gdb_70335,CC12NC1CC1CC21O,-0.2265,0.0771,0.3036,-403.11007,8.261376864281957
gdb_70354,CC12CC1CC1COC21,-0.2409,0.0734,0.3143,-387.066429,8.552538697114029
gdb_70374,CC1(NC2CC12O)C#N,-0.2382,0.0197,0.2579,-417.956399,7.017816512840305
gdb_70470,CC12CC1CC2NC=O,-0.247,0.0321,0.279,-403.143411,7.591976762630653
gdb_70595,CC1(O)CCC2CC12O,-0.2297,0.0614,0.2911,-424.222668,7.921234536207107
gdb_70637,CC12CC1OCC2C#C,-0.2316,0.0475,0.2791,-385.837026,7.594697901255251
gdb_70642,CC12NC1CNC2C#N,-0.2343,0.0314,0.2657,-398.107613,7.2300653255590115
gdb_70659,OC12CC1OCC2C#N,-0.2517,0.0208,0.2725,-437.867285,7.41510275203173
gdb_70694,CC12CN1CCOC2=N,-0.2365,0.0164,0.2529,-419.186604,6.881759581610365
gdb_70777,CC12OC3(C#C)C1OC23,-0.2474,0.0041,0.2515,-420.470709,6.843663640865982
gdb_70785,OC12CC3(C#N)C1NC23,-0.257,0.0103,0.2673,-416.716875,7.273603543552592
gdb_70790,CC12CC3(O)C(C1)OC23,-0.2364,0.0719,0.3083,-422.977506,8.3892703796381
gdb_70800,OC12CC3(O)C(CC13)C2,-0.2425,0.0768,0.3194,-422.98286,8.691316766968567
gdb_70839,OC12CC3(O)C1COC23,-0.2202,0.0663,0.2865,-458.9034,7.796062159475561
gdb_70847,CC12OC3(C)C4C(C14)C23,-0.2386,0.0927,0.3313,-385.817736,9.015132263295824
gdb_71022,CC12OC34C=CC(C13)C24,-0.2209,-0.005,0.2159,-384.552696,5.874938290508809
gdb_71092,CC12CC3C(N1)C23C#N,-0.248,0.0117,0.2597,-380.821307,7.066797008083083
gdb_71132,OC12CC3C(C1)C3OC2,-0.2235,0.0681,0.2916,-423.017727,7.934840229330101
gdb_71169,OC12CN3C(C13)C21CN1,-0.2363,0.0375,0.2738,-417.88879,7.450477554151513
gdb_71183,NC12CN3C(C13)C2C#N,-0.2443,0.0126,0.2569,-396.857977,6.990605126594318
gdb_71255,CC12CC3OC1(C)C3O2,-0.2365,0.0792,0.3157,-422.983714,8.590634637858411
gdb_71274,OC12CC3C(CC1=O)C23,-0.2482,-0.0226,0.2256,-421.818734,6.138888737094892
gdb_71283,CC12CN3C(CC=C1)C23,-0.2251,0.0165,0.2416,-365.973207,6.5742709170307005
gdb_71305,OC12CC3C1N3CCC2,-0.2247,0.0739,0.2986,-403.10331,8.125319933052015
gdb_71325,CC12CN3C1C(O2)C3=N,-0.2321,-0.0087,0.2234,-417.933529,6.079023687353718
gdb_71345,CC12OC3C1C1(CC1)C23,-0.2266,0.0944,0.321,-385.774579,8.734854984962148
gdb_71351,OC12CN3C1C1(CC1)C23,-0.2381,0.0714,0.3096,-401.81793,8.424645181757883
gdb_71380,CC12NC3C1C2(O)C3=O,-0.2176,0.0037,0.2213,-437.815401,6.021879776237144
gdb_71478,CC12CC3C1C3(C2)C=O,-0.2419,-0.0207,0.2213,-385.852175,6.021879776237144
gdb_71495,CC12CC3C=CC1C3O2,-0.2288,0.0095,0.2384,-385.870826,6.487194481043539
gdb_71508,CC12OC3C1NC(=O)C23,-0.2356,0.0034,0.2389,-437.848461,6.500800174166533
gdb_71599,CC12CCC3C1OC23C,-0.2233,0.0799,0.3032,-387.047004,8.250492309783562
gdb_71642,CC12CC3C4C(C1)N4C23,-0.2229,0.0807,0.3036,-365.963782,8.261376864281957
gdb_71663,OC12CC3C4C1N4C3C2,-0.228,0.0677,0.2956,-401.905654,8.043685774314051
gdb_71704,OC12CC3C4C1C2C34O,-0.2176,0.0714,0.289,-421.75838,7.864090625090531
gdb_71774,OC12CC3C4CC1C2C34,-0.2424,0.0808,0.3232,-385.884132,8.794720034703321
gdb_71874,CC12CC3OC(=NC1)C23,-0.2344,-0.0164,0.218,-401.878321,5.932082201625383
gdb_71941,CC12CCN3CC(O1)C23,-0.2137,0.0654,0.279,-403.110229,7.591976762630653
gdb_72120,OC12CC3OC1C3C=C2,-0.2342,0.0041,0.2383,-421.788338,6.484473342418941
gdb_72141,CC12CC3CN1CC2O3,-0.2066,0.0892,0.2957,-403.125477,8.046406912938652
gdb_72159,OC12CC3CC1CC3C2,-0.2459,0.0772,0.3231,-387.081102,8.791998896078722
gdb_72295,CC12CC=C3C4C1N4C23,-0.2066,-0.0461,0.1605,-364.672394,4.367427492481074
gdb_72359,CC12CC=CC1N=CO2,-0.2448,0.0103,0.2551,-401.977513,6.941624631351538
gdb_72411,CC12CC(CO1)C(=N)O2,-0.2581,0.0273,0.2854,-439.112002,7.766129634604974
gdb_72501,OC12COC(C1)CCC2,-0.2422,0.0683,0.3105,-424.24124,8.449135429379274
gdb_72556,CC12CCC(C1)OC2=N,-0.2515,0.0361,0.2876,-403.182625,7.825994684346149
gdb_72590,CC12CCC1(O)CC2=O,-0.2341,-0.017,0.2172,-423.015368,5.910313092628593
gdb_72640,CC12CC=CC1(C)CO2,-0.2381,0.0218,0.2598,-387.088732,7.069518146707681
gdb_72702,OC12CCC11CC(C1)C2,-0.2505,0.0812,0.3317,-387.036724,9.026016817794218
gdb_72740,CC12CCC11COC1C2,-0.2354,0.0721,0.3074,-387.036038,8.364780132016712
gdb_72822,CC12CNC1C(=O)OC2,-0.2368,0.0059,0.2427,-439.094844,6.604203441901287
gdb_72873,CC12CNC1C(O2)C=O,-0.232,-0.0297,0.2023,-439.035253,5.5048634375633725
gdb_72884,CC12CCC1C1(CC1)O2,-0.2203,0.0786,0.2989,-387.04366,8.133483348925813
gdb_72951,CC1(C#N)C2CCC12O,-0.2479,0.0232,0.2711,-401.92543,7.377006811287346
gdb_72981,NC12CCC1C2(O)C#N,-0.2457,0.0209,0.2667,-417.968899,7.257276711804999
gdb_73007,CC12CCN1C21COC1,-0.2325,0.0672,0.2997,-403.072486,8.155252457922604
gdb_73060,CC12COC1C2OC=O,-0.253,0.01,0.263,-458.924997,7.156594582694844
gdb_73155,CC12OCC1OC21CC1,-0.2303,0.0638,0.2941,-422.962797,8.00286869494507
gdb_73250,OC12COC1COC2=O,-0.2724,-0.0128,0.2596,-494.906369,7.064075869458485
gdb_73287,OC12COC1COCC2,-0.2417,0.0622,0.3039,-460.132962,8.269540280155754
gdb_73299,OC12CCC3(O)C1NC23,-0.235,0.0656,0.3006,-439.019334,8.179742705543992
gdb_73302,CC12CC3C1C3(O)CO2,-0.2358,0.0644,0.3002,-422.988604,8.168858151045598
gdb_73345,OC12CCC3C1N3C2=O,-0.2432,-0.0083,0.235,-437.865215,6.394675767807179
gdb_73465,CC12COC3CC1C2C3,-0.2286,0.0867,0.3153,-387.097925,8.579750083360016
gdb_73521,CC12CCC=C1C=CC2,-0.2052,-0.0105,0.1947,-349.977409,5.2980569020938635
gdb_73628,CC12CCOC1C=CC2,-0.2412,0.0195,0.2607,-387.106597,7.094008394329071
gdb_73661,OC12COCC1CC2=O,-0.2483,-0.0309,0.2174,-458.960695,5.915755369877791
gdb_73682,CC12CCOC1CCO2,-0.2444,0.0788,0.3232,-424.240708,8.794720034703321
gdb_73748,CC1=C(C#C)C2CC1O2,-0.2168,-0.028,0.1888,-384.613233,5.137509723242534
gdb_73780,CC1=C(N)C(=O)OC1=N,-0.2307,-0.0649,0.1658,-454.012257,4.5116478395848105
gdb_73786,CC1=C(NCCC1=O)C,-0.2022,-0.0222,0.1801,-403.19288,4.900770662902439
gdb_73896,CC1=C(COC1)CC#C,-0.2261,0.0169,0.243,-385.854698,6.612366857775084
gdb_74022,CC1=C2CCC2CC1=O,-0.231,-0.0328,0.1981,-385.904497,5.3905756153302224
gdb_74042,CC1=C2CCCC2OC1,-0.2199,0.022,0.2419,-387.104545,6.582434332904497
gdb_74049,CC1=CC(=O)C(=O)CC1,-0.2307,-0.081,0.1497,-421.871042,4.073544521024403
gdb_74058,CC1=CC(=O)C(N1)(C)C,-0.2113,-0.021,0.1903,-403.197754,5.178326802611516
gdb_74064,CC1=CC(=N)N(C1)C=O,-0.239,-0.0369,0.2022,-418.047211,5.502142298938773
gdb_74107,CC1=CC(=O)C2OC2C1,-0.2417,-0.0535,0.1882,-421.84095,5.121182891494942
gdb_74158,NC1=CC(=O)CC11CO1,-0.2266,-0.0255,0.2011,-437.902246,5.472209774068187
gdb_74232,CC1=CC(C#C)C(=O)C1,-0.2392,-0.0241,0.2151,-384.681805,5.853169181512019
gdb_74315,CC1=CC(C=O)C2CC12,-0.2332,-0.0205,0.2128,-385.893657,5.790582993146246
gdb_74341,NC1=NC(CO1)C1CO1,-0.2275,0.0515,0.279,-455.13187,7.591976762630653
gdb_74345,CC1=CC(OC1=N)C#C,-0.2519,-0.0289,0.223,-400.732184,6.068139132855324
gdb_74365,CC1=CC(COC1)C#N,-0.2614,-0.0029,0.2585,-401.962947,7.034143344587898
gdb_74369,CC1=NC(CCO1)C#C,-0.2435,0.0225,0.266,-401.927593,7.238228741432808
gdb_74402,CC1=CC2(O)CC1(C)C2,-0.2155,0.0204,0.2359,-387.061551,6.419166015428569
gdb_74408,CC1=CC2(C)CC1C=C2,-0.2104,0.0033,0.2136,-349.95026,5.812352102143037
gdb_74438,CC1=CC2(C)CC1CO2,-0.2276,0.0197,0.2473,-387.097921,6.729375818632832
gdb_74462,CC1=CC2(CC2)C(=O)N1,-0.2025,0.0029,0.2054,-401.988722,5.589218734925935
gdb_74615,CC1=CC2C3CC1(C)N23,-0.2055,0.0133,0.2188,-365.978878,5.953851310622174
gdb_74638,CC1=CC2C3CC2(C3)C1,-0.229,0.0231,0.2521,-349.891518,6.859990472613574
gdb_74667,NC1=NC2C3OC3C2O1,-0.2242,0.0543,0.2785,-453.910946,7.578371069507658
gdb_74678,CC1=CC2N=CN3C2C13,-0.2361,-0.0061,0.23,-380.848359,6.25861883657724
gdb_74696,CC1=CC2OC(C1)C2=O,-0.2337,-0.0191,0.2147,-421.821976,5.8422846270136235
gdb_74751,CC1=CC2OC1C1OC21,-0.235,0.0016,0.2366,-421.783626,6.43821398580076
gdb_74822,CC1=NC2CC2(O1)C#C,-0.241,0.0097,0.2508,-400.711937,6.824615670493791
gdb_74890,CC1=CC2NC2CC1=O,-0.2369,-0.0473,0.1896,-401.956507,5.159278832239324
gdb_74914,CC1=CC2CC3C(C1)C23,-0.2222,0.0287,0.2509,-349.937862,6.827336809118389
gdb_74953,CC1=CC2OCC(C1)O2,-0.2346,0.0115,0.2461,-423.035938,6.696722155137647
gdb_74970,NC1=NC2CNC1C2=O,-0.2164,-0.0149,0.2015,-434.068855,5.483094328566582
gdb_74997,CC1=CC2OCC2OC1,-0.2445,0.0086,0.2531,-423.00257,6.887201858859562
gdb_75038,CC1=CC=CCC2CC12,-0.1984,-0.015,0.1834,-349.953135,4.990568237514199
gdb_75077,CC1=NCC(=N)N1C=N,-0.2341,-0.0175,0.2166,-414.218607,5.893986260881
gdb_75208,CC1=CCC2(C)OC2C1,-0.2317,0.0317,0.2634,-387.098583,7.167479137193239
gdb_75425,CC1=CCNC(=O)NC1,-0.2322,0.0059,0.2381,-419.241492,6.4790310651697425
gdb_75454,CC1=CCOC1(C)C#C,-0.2373,0.0144,0.2518,-385.857049,6.851827056739779
gdb_75469,CC1=CCCC1C1CO1,-0.2324,0.0256,0.258,-387.078032,7.020537651464904
gdb_75503,CC1=CCCC2OC2C1,-0.2317,0.0239,0.2555,-387.079323,6.952509185849934
gdb_75519,CC1=CCOC=NCC1,-0.2371,0.0013,0.2384,-403.141208,6.487194481043539
gdb_75523,CC1=CCCNC(=O)C1,-0.2289,0.0187,0.2476,-403.191276,6.737539234506628
gdb_75529,CC1=CCOCC(=O)C1,-0.225,-0.0222,0.2028,-423.031052,5.518469130686366
gdb_75545,CC1=CCCCC11CO1,-0.2336,0.0156,0.2492,-387.089827,6.7810774525002095
gdb_75557,NC1=NCCNC1C#N,-0.2379,0.0075,0.2454,-414.194934,6.677674184765455
gdb_75593,C1CN=C(C(=O)CN1)N,-0.2211,-0.057,0.1642,-435.269217,4.46810962159123
gdb_75660,CC1C(=O)C2CC12C#N,-0.2622,-0.0413,0.2209,-400.749307,6.0109952217387494
gdb_75679,OC1C(=O)N2CC12C#C,-0.2475,-0.0305,0.2171,-436.608614,5.907591954003994
gdb_75735,CN1C(=O)C=C(N)C1=N,-0.2302,-0.0582,0.172,-434.122378,4.680358434309936
gdb_75779,CN1C(=O)CC1(C)C#N,-0.2658,0.008,0.2738,-418.038758,7.450477554151513
gdb_75830,CC1C(=O)CC2CC12O,-0.2408,-0.0186,0.2223,-423.038605,6.0490911624831325
gdb_75925,OC1C(=N)OCC11CN1,-0.2566,0.0126,0.2693,-455.120844,7.328026316044568
gdb_75958,CC1C(=O)CNCC1=O,-0.2411,-0.0375,0.2035,-439.110501,5.537517101058557
gdb_75991,CC1C(C#N)N(C)C1=O,-0.2652,0.0028,0.2679,-418.036422,7.289930375300186
gdb_75992,CN1C(C#C)C(O)C1=N,-0.2326,0.0165,0.2492,-417.944712,6.7810774525002095
gdb_76118,CC1C(C#C)C2CC12C,-0.2482,0.05,0.2983,-349.892733,8.11715651717822
gdb_76179,CC1C(C)(O)C1(O)C#C,-0.2377,0.0246,0.2623,-422.967127,7.137546612322652
gdb_76182,CN1C(C)(C)C1(C)C#N,-0.2403,0.029,0.2693,-383.254513,7.328026316044568
gdb_76263,CC1C(O)C(=O)C=C1N,-0.2273,-0.0183,0.209,-439.124156,5.687179725411491
gdb_76267,CC1N(C)C(=O)C=C1N,-0.2132,0.0016,0.2148,-419.256416,5.845005765638222
gdb_76300,CC1C(C)C(C#C)C1C,-0.2503,0.0523,0.3026,-351.110958,8.234165478035967
gdb_76347,CC1C(O)C(C)N1C=O,-0.2391,0.0211,0.2602,-440.290467,7.080402701206077
gdb_76365,NC1C(O)C1(C#C)C#N,-0.2472,0.0083,0.2555,-416.745692,6.952509185849934
gdb_76372,CC1(C(N)C1[NH3+])C([O-])=O,-0.1722,-0.0022,0.1701,-456.287037,4.628656800442559
gdb_76421,CC1(CC#N)C(O)C1O,-0.2472,0.0265,0.2736,-439.063259,7.445035276902317
gdb_76438,CC1(OC=N)C(O)C1O,-0.2452,0.0194,0.2646,-476.174285,7.200132800688425
gdb_76486,CC1C(C)C11CC(C)O1,-0.2157,0.078,0.2937,-388.261855,7.991984140446676
gdb_76501,CC1C(O)C11CC2CC12,-0.2315,0.0686,0.3002,-387.030751,8.168858151045598
gdb_76551,CC1C(O)C11OCC1C,-0.2305,0.0601,0.2906,-424.180558,7.9076288430841135
gdb_76598,CC1C(C)N1C(=O)C#C,-0.25,-0.0343,0.2157,-401.905577,5.869496013259611
gdb_76603,CC1C(O)C1C(=O)C#N,-0.2688,-0.0914,0.1774,-437.882659,4.827299920038271
gdb_76633,CC1C(O)C1C1(O)CC1,-0.2371,0.0619,0.2989,-424.178229,8.133483348925813
gdb_76667,CC1C(O)C1OC(C)=O,-0.2488,0.0062,0.255,-460.16733,6.93890349272694
gdb_76830,CC1C(C)C2C1NC2=O,-0.241,0.0295,0.2705,-403.153984,7.360679979539754
gdb_76834,CC1C(C)N2CC(=O)C12,-0.2248,-0.0274,0.1974,-403.113423,5.3715276449580305
gdb_76896,CC1C(C)C2OCCC12,-0.237,0.0665,0.3035,-388.283803,8.258655725657357
gdb_76907,OC1C(O)C2OCOC12,-0.2473,0.0458,0.2931,-496.064795,7.975657308699083
gdb_76934,CC1C(C=O)C1(C)C#N,-0.2636,-0.0452,0.2184,-401.95446,5.942966756123779
gdb_76942,CC1(C=O)C(O)C1C=O,-0.2578,-0.0506,0.2072,-458.952911,5.638199230168714
gdb_77080,CC1C(OC1(C)C)C#C,-0.2472,0.0274,0.2746,-387.04261,7.472246663148304
gdb_77097,CC1C(NC11CC1)C#N,-0.2344,0.0165,0.2509,-382.038803,6.827336809118389
gdb_77163,CC1C(OC1=O)C1CC1,-0.2641,0.0151,0.2792,-423.038264,7.597419039879849
gdb_77174,NC1C(OC1=O)C1CN1,-0.2483,-0.0054,0.2429,-455.119624,6.609645719150485
gdb_77218,CC1C(CN1C=O)C#C,-0.245,0.0203,0.2653,-401.91861,7.219180771060616
gdb_77238,OC1C(OC1C=O)C=O,-0.253,-0.048,0.2051,-494.86785,5.581055319052139
gdb_77262,CC1C(OC=N)C1C#C,-0.2439,0.0182,0.2621,-401.885114,7.132104335073454
gdb_77400,CN1C2(C)C3CC2C13C,-0.2048,0.0887,0.2935,-367.122832,7.986541863197477
gdb_77410,CC12C(O)C1(O)C1CN21,-0.2305,0.0506,0.2811,-438.999867,7.649120673747227
gdb_77420,CC1C2(C)C3OC3C12O,-0.2222,0.0607,0.2829,-422.929448,7.6981011689900045
gdb_77424,CC1C2(O)C3OC3C12O,-0.2199,0.0536,0.2736,-458.849714,7.445035276902317
gdb_77503,CC1C2(C)OC1(C)C2C,-0.2263,0.0882,0.3145,-388.241422,8.557980974363225
gdb_77543,CC1C2(O)CC1(C2)C#C,-0.2488,0.0457,0.2945,-385.803697,8.013753249443464
gdb_77545,CN1C2(C)CC1(C2)C#N,-0.2344,0.0122,0.2466,-382.007765,6.710327848260641
gdb_77567,CC1C2(C)CC2C1(C)O,-0.2367,0.0737,0.3104,-388.2638,8.446414290754674
gdb_77578,CC12NC1C1(CN1)C2O,-0.225,0.0688,0.2937,-419.122588,7.991984140446676
gdb_77700,CC1C2(CC2)CC11CO1,-0.2549,0.0737,0.3286,-387.037546,8.941661520431657
gdb_77710,CC1C23CC=CC12CO3,-0.2208,0.0092,0.2299,-385.831674,6.255897697952641
gdb_77761,CN1C2C(=O)C1C2(C)O,-0.2233,0.0113,0.2346,-438.992645,6.383791213308784
gdb_77862,CC1C2C(C#N)C2C1C,-0.2809,0.0303,0.3112,-365.994294,8.468183399751466
gdb_77931,CC1(C)C2C(O)C1C2O,-0.252,0.0669,0.3189,-424.140455,8.677711073845574
gdb_77985,CC1C2C(C)NC12C#N,-0.2346,0.0095,0.2441,-382.035035,6.642299382645671
gdb_78026,CC1C2C(C)OCC12C,-0.2419,0.0842,0.3261,-388.287921,8.873633054816686
gdb_78031,CC1CCC2(C)C(O)C12,-0.2384,0.0685,0.307,-388.288067,8.353895577518315
gdb_78064,CC1N2C(C=O)C2C1=O,-0.2463,-0.0635,0.1828,-437.845376,4.974241405766606
gdb_78093,OC1C2C(CC12O)C#C,-0.2473,0.0496,0.2969,-421.738945,8.079060576433838
gdb_78097,CC12OC(C=O)C1C2O,-0.241,-0.0226,0.2184,-458.911564,5.942966756123779
gdb_78189,CC1C2C(O)C(C#C)N12,-0.2311,0.0231,0.2542,-401.847217,6.917134383730149
gdb_78238,CC1C2C1C(O)CC2C,-0.2568,0.0782,0.335,-388.282851,9.11581439240598
gdb_78331,OC1C2C1C1(O)COC21,-0.2356,0.054,0.2897,-458.871711,7.883138595462723
gdb_78339,CC1C2N1C1(CC1)C2=O,-0.2411,-0.0203,0.2209,-401.903517,6.0109952217387494
gdb_78352,CC1C2C(O)C3(CC3)N12,-0.2328,0.0612,0.294,-403.072569,8.00014755632047
gdb_78421,CC1C2C1C1C3OC1C23,-0.2279,0.0898,0.3176,-385.801806,8.642336271725789
gdb_78467,CC1C2C1C1CC2CO1,-0.2404,0.091,0.3314,-387.073079,9.017853401920423
gdb_78507,CN1C2C3(C)CC1C23O,-0.2011,0.0746,0.2757,-403.064924,7.502179188018891
gdb_78539,CC1C2C3(C)OC3C12C,-0.2172,0.0688,0.286,-387.013684,7.782456466352567
gdb_78609,CC1C2N3C(C)C2(O)C13,-0.2379,0.0739,0.3118,-403.051316,8.484510231499058
gdb_78610,CC1N2C3C(O)C2C13C,-0.2272,0.0636,0.2908,-403.045532,7.91307112033331
gdb_78617,CC12C3C(C1O)C(=O)N23,-0.2438,0.0011,0.2449,-437.833315,6.664068491642461
gdb_78710,CC1C2N3C1C=CC23C,-0.2088,0.0064,0.2152,-365.973284,5.855890320136617
gdb_78723,CC1C2N3C1CC23C#N,-0.2675,0.0011,0.2687,-380.821366,7.311699484296975
gdb_78762,CC1C2C3C2(C)CC13C,-0.2354,0.0917,0.3271,-351.114508,8.900844441062674
gdb_78769,CC1N2C3C2(C)CC13O,-0.2299,0.0683,0.2983,-403.083813,8.11715651717822
gdb_78841,OC1C2C3C1C(C=O)N23,-0.2474,-0.0349,0.2125,-437.797442,5.782419577272449
gdb_78845,CC12C3C4C(C(O)C13)N24,-0.2273,0.0713,0.2986,-401.883243,8.125319933052015
gdb_78859,CC1C2C3C(N13)C21CC1,-0.2298,0.0893,0.3191,-365.919539,8.68315335109477
gdb_78889,OC1C2C3C2C2C3C12O,-0.2196,0.0669,0.2865,-421.759831,7.796062159475561
gdb_78890,OC1C2C3C4C(N23)C14O,-0.2303,0.0602,0.2904,-437.800085,7.902186565834914
gdb_78986,CC1C2C3C4C3C2(C)N14,-0.2132,0.0842,0.2974,-365.920049,8.092666269556831
gdb_79027,CC1C2C3C4OC4C2C13,-0.2501,0.0767,0.3267,-385.811317,8.889959886564279
gdb_79029,CN1C2C3C4CC4C2C13,-0.2074,0.097,0.3044,-365.913553,8.283145973278748
gdb_79105,CN1C2C3CC(=O)C1C23,-0.2104,-0.0176,0.1928,-401.914919,5.246355268226486
gdb_79158,OC1C2C3CC(O)C2C13,-0.2575,0.0793,0.3368,-422.973479,9.164794887648759
gdb_79234,CC12C3CC1(C)C(O)C23,-0.2357,0.0702,0.3059,-387.04024,8.323963052647729
gdb_79246,CC1C2N3CC1(C)C23C,-0.2263,0.0794,0.3057,-367.155364,8.318520775398532
gdb_79251,OC1C2C3CC1(O)C23O,-0.2274,0.0604,0.2877,-458.889181,7.828715822970747
gdb_79312,OC1C2C3CC1C23C#N,-0.2632,0.0154,0.2786,-400.706268,7.581092208132257
gdb_79342,CC1C2C3OC1OC23C,-0.2335,0.0953,0.3287,-423.018214,8.944382659056256
gdb_79366,CC1C2C3CC2(C#C)C13,-0.2497,0.0425,0.2923,-348.642984,7.953888199702292
gdb_79429,CN1C2C3OC2(C=O)C13,-0.2347,-0.0462,0.1885,-437.750289,5.1293463073687375
gdb_79436,CC1C2C3CN2C1C3=O,-0.2212,-0.0151,0.2062,-401.902504,5.610987843922725
gdb_79508,CC1C2C3CC2C3C1=O,-0.2306,-0.0104,0.2202,-385.869547,5.9919472513665575
gdb_79612,CC1C2N1C1CC1C2=O,-0.2397,-0.029,0.2107,-401.919685,5.733439082029672
gdb_79619,OC1C2C3CN3C(=O)C12,-0.2487,-0.0131,0.2356,-437.851727,6.411002599554773
gdb_79645,CC1C2C3CC3C12C#C,-0.2028,0.034,0.2367,-348.634985,6.440935124425359
gdb_79652,CC1C2C3OC3C12C#N,-0.2532,0.0004,0.2536,-400.670415,6.900807551982556
gdb_79676,CC1C2C3CN3C12C=O,-0.234,-0.0308,0.2033,-401.856575,5.53207482380936
gdb_79713,OC1C2C3CN3C1C2O,-0.2182,0.0654,0.2836,-438.999903,7.717149139362197
gdb_79811,CC12CCC3C(C1O)N23,-0.2391,0.0552,0.2943,-403.117153,8.008310972194268
gdb_79830,CC12C3CCC1C(O)C23,-0.2397,0.0812,0.321,-387.068286,8.734854984962148
gdb_79940,OC1C2N=C3OCC3C12,-0.2419,-0.0019,0.24,-437.823398,6.530732699037119
gdb_79980,OC1C2N=CN(C=O)C12,-0.2429,-0.033,0.2099,-453.941967,5.7116699730328815
gdb_80004,OC1C2C=CC11COC21,-0.2382,-0.0125,0.2256,-421.717912,6.138888737094892
gdb_80039,CN1C2C=CC1C2C=O,-0.2171,-0.0248,0.1923,-401.873563,5.232749575103492
gdb_80076,OC1C2C=CC3CC3C12,-0.2252,0.0096,0.2347,-385.859846,6.3865123519333835
gdb_80136,OC1C2N=CNC2C1=O,-0.2281,-0.0416,0.1865,-453.937867,5.074923534876762
gdb_80174,CC1C2CC(=O)C(C)C12,-0.2367,-0.0133,0.2234,-387.109392,6.079023687353718
gdb_80194,OC1C2OC(=N)C(O)C12,-0.2498,0.007,0.2568,-475.00165,6.987883987969718
gdb_80352,OC1C2OC(C#C)C12O,-0.2324,0.0049,0.2372,-457.651137,6.454540817548353
gdb_80362,CC1C2CC(C)(C#N)N12,-0.2477,0.016,0.2638,-382.033514,7.178363691691634
gdb_80389,CC1C2CC(C)(O)C12O,-0.2455,0.0729,0.3184,-424.18871,8.66410538072258
gdb_80399,CC1(O)CC2C(O)C2C1,-0.2477,0.0635,0.3112,-424.212692,8.468183399751466
gdb_80413,CC1N2CC(O)(C2)C1=O,-0.2284,-0.0241,0.2043,-439.061047,5.559286210055348
gdb_80414,CN1C2CC(C)(C2)C1=O,-0.227,0.0303,0.2573,-403.158995,7.001489681092711
gdb_80438,CC1C2OC(C)(C=O)C12,-0.2438,-0.0257,0.2181,-422.983012,5.9348033402499825
gdb_80472,CC1C2C(O)C(C)CN12,-0.2156,0.0556,0.2712,-404.316647,7.3797279499119455
gdb_80604,CC1C2OC(C1C)C2=O,-0.2478,-0.0134,0.2344,-423.010894,6.378348936059587
gdb_80674,CC1C2CC(C3CO3)C12,-0.2443,0.0862,0.3305,-387.024794,8.993363154299034
gdb_80695,CC12C(O)C1CN2C=O,-0.2362,0.0178,0.254,-439.057547,6.911692106480952
gdb_80787,OC1C2NC1(C#C)C2=O,-0.2446,-0.0209,0.2237,-436.578649,6.0871871032275155
gdb_80788,OC1C2NC1(C#N)C2=O,-0.2724,-0.0419,0.2305,-452.680669,6.272224529700234
gdb_80831,CC1C2CC1(C)C(=O)N2,-0.2347,0.0244,0.2592,-403.161227,7.053191314960089
gdb_80960,CC12NC(C1O)C2C=O,-0.2414,-0.0389,0.2025,-439.014412,5.51030571481257
gdb_81041,OC1C2CC1(O)CCC2,-0.2459,0.0681,0.314,-424.219455,8.544375281240232
gdb_81056,CN1C2CC1(C2)C(N)=O,-0.2281,0.0199,0.248,-419.154297,6.748423789005024
gdb_81076,OC1C2CC1(C2)C1CO1,-0.2556,0.0667,0.3223,-422.937451,8.77022978708193
gdb_81324,OC1C2NC1C(=C2)C#C,-0.2217,-0.0345,0.1872,-400.662102,5.093971505248954
gdb_81374,CC1C2CC1C(O)CO2,-0.2352,0.0699,0.3051,-424.20015,8.302193943650938
gdb_81412,OC1C2CC1C(O2)C=O,-0.2407,-0.0336,0.2071,-458.924524,5.6354780915441145
gdb_81532,CC1C2NC1C2(O)C=O,-0.2314,-0.0457,0.1857,-439.00369,5.053154425879971
gdb_81607,CN1C2CC1C2CC#N,-0.2175,0.0329,0.2504,-381.98415,6.813731115995395
gdb_81616,CC1C2CC1C2NC=O,-0.2455,0.0306,0.2761,-403.113298,7.513063742517287
gdb_81635,OC1C2NC1C2OC=N,-0.2604,0.0147,0.2751,-455.050699,7.485852356271299
gdb_81702,CC1C2CC1COCC2,-0.2466,0.0828,0.3294,-388.279841,8.963430629428448
gdb_81724,CN1C2CC2(C#N)C1=O,-0.2606,-0.0158,0.2448,-416.802119,6.661347353017862
gdb_81747,CC1C2NC2(C#C)C1C,-0.2213,0.0334,0.2547,-365.934158,6.930740076853143
gdb_81789,CC12NC1C(O)C21CO1,-0.2345,0.0651,0.2996,-439.005583,8.152531319298005
gdb_81867,CC1C2CC2(O)CC1=O,-0.2402,-0.0205,0.2197,-423.037515,5.978341558243564
gdb_82027,CC1(C=O)C2OC2C1O,-0.2544,-0.0312,0.2232,-458.917917,6.073581410104522
gdb_82031,CC1C2NC2C1(C)C=O,-0.2382,-0.0246,0.2136,-403.106337,5.812352102143037
gdb_82173,CC1C2CC2C2(C)CC12,-0.2365,0.0826,0.3191,-351.135758,8.68315335109477
gdb_82194,CC12CN1C1CC1C2O,-0.225,0.062,0.287,-403.097245,7.8096678525985554
gdb_82195,CC12NC1C1CC1C2O,-0.2307,0.0669,0.2976,-403.110392,8.098108546806028
gdb_82210,CC1C2OC2C2CC12O,-0.2539,0.0701,0.3241,-422.991166,8.819210282324711
gdb_82223,CC1C2CC2C2CC1O2,-0.2359,0.0781,0.314,-387.059423,8.544375281240232
gdb_82230,OC1C2NC2C2CC1C2,-0.2438,0.0672,0.3109,-403.109831,8.46001998387767
gdb_82313,CC1C2(CC2)CN2CC12,-0.2253,0.0822,0.3075,-367.175948,8.36750127064131
gdb_82401,CC1C2CC2COC1=O,-0.2608,0.0151,0.2759,-423.052932,7.507621465268088
gdb_82433,OC1C2NC2CNC1=O,-0.2512,0.0258,0.277,-455.150733,7.537553990138677
gdb_82520,CN1C2CC3(C)OC3C12,-0.2129,0.0663,0.2792,-403.096867,7.597419039879849
gdb_82559,OC1C2CC3(C2)OCC13,-0.2437,0.0677,0.3114,-422.947194,8.473625677000664
gdb_82580,OC1C2OC3(COC3)C12,-0.244,0.0507,0.2947,-458.874022,8.019195526692664
gdb_82759,OC1C2CC3C2CC13O,-0.2436,0.0626,0.3062,-422.982264,8.332126468521526
gdb_82792,CC1C2CC3C=CC1N23,-0.2064,0.0116,0.218,-365.975818,5.932082201625383
gdb_82802,CC1C2CC3CC(C3)C12,-0.2469,0.0787,0.3256,-351.128094,8.860027361693692
gdb_82875,CC1C2CN3CC2(O)C13,-0.2221,0.0688,0.2909,-403.080465,7.915792258957909
gdb_82894,CN1C2CC3OC2C13C,-0.2117,0.0784,0.2901,-403.08052,7.894023149961119
gdb_82929,CC12C(O)C1CC1CC21,-0.2306,0.0732,0.3039,-387.056565,8.269540280155754
gdb_83089,CC1C2OC=NC1C2O,-0.2425,0.0138,0.2562,-439.064064,6.971557156222125
gdb_83359,CC12COC(CO1)C2O,-0.2398,0.0589,0.2986,-460.151797,8.125319933052015
gdb_83369,CC1C2OCC1(C)CO2,-0.2463,0.0721,0.3184,-424.233773,8.66410538072258
gdb_83414,NC1C2[NH2+]CC12C([O-])=O,-0.1769,-0.0013,0.1756,-455.066354,4.778319424795493
gdb_83441,OC1C2OCC12N1CC1,-0.2211,0.0563,0.2773,-438.97961,7.545717406012471
gdb_83480,CC1C2CCC1C(=N)O2,-0.2498,0.0358,0.2856,-403.177324,7.771571911854173
gdb_83499,OC1C2CNC1C(=N)O2,-0.2432,0.0192,0.2624,-455.142478,7.140267750947252
gdb_83552,CC1C2CCC1C2C#C,-0.2474,0.0552,0.3026,-349.908584,8.234165478035967
gdb_83553,CC1C2CCC1C2C#N,-0.295,0.036,0.331,-366.018032,9.006968847422028
gdb_83570,CC1C2CCC1N=CO2,-0.2426,0.0269,0.2695,-403.172747,7.333468593293766
gdb_83610,CC1C2CCC22CCC12,-0.2464,0.0896,0.336,-351.109915,9.143025778651968
gdb_83637,CC1C2CCC2C1(C)O,-0.2441,0.0709,0.315,-388.258886,8.57158666748622
gdb_83688,CC1C2COC2C1C=O,-0.2424,-0.0163,0.2261,-422.987022,6.152494430217886
gdb_83729,OC1C2OCC2CC1=O,-0.2344,-0.0266,0.2079,-458.956386,5.657247200540905
gdb_83738,CC1C2N1CCC21CO1,-0.233,0.0783,0.3113,-403.106912,8.470904538376065
gdb_83739,CC1C2OCC3(CC3)C12,-0.2323,0.0851,0.3174,-387.053183,8.63689399447659
gdb_83783,OC1C2OCC3CC2C13,-0.2442,0.0727,0.3169,-422.982827,8.623288301353597
gdb_83887,OC1C2COCC(O)C12,-0.2371,0.0515,0.2886,-460.128857,7.853206070592137
gdb_83985,CC1C2CCCC=CC12,-0.2247,0.0252,0.25,-351.146919,6.802846561497
gdb_84067,CC1C(O)C=C(C)C1=O,-0.2391,-0.0492,0.19,-423.060291,5.17016338673772
gdb_84162,CC1C=C(C)CNC1=O,-0.2366,0.0169,0.2535,-403.198995,6.898086413357958
gdb_84288,OC1C=C2COC3C1C23,-0.2318,-0.0301,0.2017,-421.75227,5.488536605815779
gdb_84489,OC1C=CC2(CC2)C1=O,-0.2346,-0.0291,0.2056,-421.8272,5.594661012175132
gdb_84499,CC1C=CC2(CO2)C1C,-0.238,0.0105,0.2485,-387.077959,6.762029482128018
gdb_84511,CC1C=CC23CC12OC3,-0.2235,0.008,0.2315,-385.830808,6.299435915946222
gdb_84582,CC1C=CC2CC(=O)C12,-0.2371,-0.0196,0.2175,-385.905601,5.91847650850239
gdb_84588,OC1C=CC2CC(=O)C12,-0.2519,-0.0325,0.2194,-421.831838,5.970178142369767
gdb_84655,CC1C=CC2CC2C1O,-0.2388,0.0092,0.248,-387.079897,6.748423789005024
gdb_84709,CC1C=CC2CCCC12,-0.2336,0.0292,0.2628,-351.180543,7.151152305445645
gdb_84735,OC1C=CC=CCC1=O,-0.2409,-0.0391,0.2018,-421.847302,5.491257744440379
gdb_84757,CC1C=CC(=O)OC=N1,-0.2654,-0.0602,0.2052,-437.911393,5.583776457676737
gdb_84768,CC1C=CCC1(O)C#N,-0.258,0.0072,0.2652,-401.963058,7.216459632436017
gdb_84776,NC1C=CCC1(O)C#N,-0.2471,0.0017,0.2488,-418.00933,6.770192898001814
gdb_84834,CC1C=CCC2(O)CC12,-0.2385,0.0251,0.2636,-387.086229,7.1729214144424365
gdb_84858,OC1C=CCC2CCC12,-0.243,0.0157,0.2588,-387.081005,7.042306760461694
gdb_84888,OC1C=CCCC11CC1,-0.2455,0.0149,0.2604,-387.083167,7.085844978455276
gdb_84982,OC1CC(=O)C(=C1)C#C,-0.2466,-0.0626,0.184,-420.614934,5.006895069261792
gdb_85109,CC1OC(=O)C1(N)C#C,-0.2481,-0.0107,0.2374,-437.858277,6.4599830947975505
gdb_85113,CN1CC(=O)C1(C)C#C,-0.2315,-0.0302,0.2013,-401.894661,5.477652051317384
gdb_85297,CC1CC(=O)C2CC1C2,-0.2316,-0.0044,0.2272,-387.108692,6.182426955088474
gdb_85323,CC1OC(=O)C2NCC12,-0.2357,0.0079,0.2436,-439.095062,6.6286936895226765
gdb_85437,CC1CC(=O)CC11CO1,-0.2416,-0.0203,0.2213,-423.033924,6.021879776237144
gdb_85440,CC1NC(=O)CC11CC1,-0.2358,0.038,0.2737,-403.180943,7.447756415526915
gdb_85444,CC1NC(=O)OC11CC1,-0.2582,0.0552,0.3134,-439.119689,8.528048449492639
gdb_85472,CC1NC(=O)OC1C#C,-0.2662,0.0118,0.278,-437.893081,7.564765376384664
gdb_85513,OC1CC(=O)CC1C=O,-0.2446,-0.0276,0.2171,-458.989405,5.907591954003994
gdb_85553,CC1=CNC(=O)CC1O,-0.2199,-0.0122,0.2078,-439.129422,5.6545260619163065
gdb_85658,CC1=CC(O)CC1C#C,-0.2472,0.0084,0.2556,-385.86252,6.955230324474532
gdb_85689,CC1NC(C#N)C11CC1,-0.2481,0.0157,0.2638,-382.039588,7.178363691691634
gdb_85780,CN1CC(C([O-])=O)C1=[NH2+],-0.1887,0.0466,0.2353,-455.156802,6.402839183680976
gdb_85863,CC1(O)CC(O)C11CN1,-0.2355,0.067,0.3025,-440.232122,8.23144433941137
gdb_85893,CN1CC(C)(C)C1C=O,-0.2243,-0.0275,0.1968,-404.329727,5.3552008132104385
gdb_85926,CC1CC(C)(C)OC1=O,-0.2585,0.018,0.2766,-424.288664,7.526669435640281
gdb_85929,CC1OC(C)(C)OC1=N,-0.2633,0.0259,0.2893,-440.316254,7.872254040964328
gdb_85962,C[NH+]1CC(C)(C1)C([O-])=O,-0.1808,-0.001,0.1798,-440.247683,4.892607247028642
gdb_85978,CC1CC(C)(O1)C1CO1,-0.2422,0.0838,0.3259,-424.189834,8.86819077756749
gdb_86002,CC1CC(O)(C=O)C1O,-0.2452,-0.0331,0.2121,-460.145005,5.771535022774055
gdb_86032,CC1CC(C)(CC#N)O1,-0.2591,0.0293,0.2883,-403.153257,7.84504265471834
gdb_86038,OC1CC(O)(CC#C)C1,-0.2507,0.0439,0.2946,-422.969167,8.016474388068064
gdb_86046,CC1CC(C)(CC=O)C1,-0.2435,-0.0192,0.2243,-388.290013,6.103513934975108
gdb_86070,CC1CC(C=O)=C(C)N1,-0.2022,-0.0243,0.1779,-403.183538,4.840905613161265
gdb_86079,CC1CC(C)=CC1(C)C,-0.2251,0.034,0.2591,-352.379824,7.05047017633549
gdb_86192,CC1OC(C)C(C)=C1C,-0.2194,0.0293,0.2487,-388.312461,6.767471759377216
gdb_86254,CC1CN(C)C(C=O)=N1,-0.2193,-0.0654,0.1539,-419.221799,4.187832343257553
gdb_86295,CC1CC(O)C1(O)C=O,-0.2407,-0.029,0.2117,-460.150921,5.760650468275659
gdb_86304,CC1CC(O)C11CCC1,-0.2486,0.0669,0.3155,-388.263537,8.585192360609213
gdb_86414,CC1CC(O)C2CC1C2,-0.254,0.0723,0.3263,-388.284757,8.879075332065883
gdb_86436,CC1CC(C)C=CC=C1,-0.2103,-0.0219,0.1884,-351.168113,5.126625168744139
gdb_86442,CC1CC(=O)OC(C)O1,-0.2626,0.0099,0.2725,-460.209735,7.41510275203173
gdb_86521,CN1CC(C1)C(=O)C#N,-0.2341,-0.0889,0.1452,-417.986726,3.951093282917457
gdb_86556,CC1CC(O1)C1COC1,-0.2414,0.0808,0.3222,-424.179332,8.767508648457333
gdb_86675,CC1CC(C=O)C11CO1,-0.2504,-0.0277,0.2227,-422.996499,6.059975716981528
gdb_86716,CC1OC(C=O)C2OC12,-0.2525,-0.0314,0.2211,-458.94443,6.016437498987946
gdb_86795,CC1CC(CC#C)C=C1,-0.2381,0.0232,0.2613,-349.930534,7.110335226076663
gdb_86935,CC1C(O)CC1CC=O,-0.2404,-0.0154,0.225,-424.211933,6.1225619053472995
gdb_86957,CC1OC(CC=O)C=C1,-0.2387,-0.0183,0.2203,-423.033182,5.994668389991156
gdb_86976,CC1OC(CC=C1)C=O,-0.2519,-0.0268,0.2251,-423.033817,6.125283043971899
gdb_87033,NC(=O)C1(CC1O)C#C,-0.2351,0.0118,0.247,-437.866494,6.721212402759035
gdb_87057,CN1CC1(C#C)C1CC1,-0.2253,0.0359,0.2613,-365.921851,7.110335226076663
gdb_87075,CC1CC1(C)C#CC#N,-0.259,-0.0341,0.2249,-364.79031,6.1198407667227
gdb_87112,CC1OC1(C)C(=O)C=O,-0.2492,-0.1008,0.1484,-458.949724,4.038169718904619
gdb_87135,CC1CC1(C)C1(C)CC1,-0.2472,0.086,0.3332,-352.329855,9.066833897163201
gdb_87166,CC1OC1(C)C1COC1,-0.2417,0.075,0.3167,-424.180739,8.617846024104399
gdb_87175,CC(=O)NC1(C)CC1O,-0.2451,0.0185,0.2636,-440.299277,7.1729214144424365
gdb_87203,CC1(CC2CO2)CC1O,-0.2538,0.0786,0.3324,-424.174615,9.04506478816641
gdb_87206,CC1CC1(C)CC1CO1,-0.2511,0.0857,0.3367,-388.250612,9.16207374902416
gdb_87211,CC1CC1(O)CN1CC1,-0.234,0.0811,0.3152,-404.28988,8.577028944735417
gdb_87247,CC1CC1(C)CCC=O,-0.2462,-0.0183,0.228,-388.285957,6.204196064085264
gdb_87264,OC1CC1(O)CCC=O,-0.243,-0.016,0.227,-460.137234,6.176984677839276
gdb_87364,CC1CC11C(C)NC1=O,-0.241,0.0362,0.2772,-403.156999,7.542996267387873
gdb_87383,CC1OC11C(C)OC1=N,-0.2655,0.0056,0.271,-439.060284,7.374285672662748
gdb_87396,CC1NC11C(C)CC1O,-0.2363,0.0691,0.3054,-404.30701,8.310357359524735
gdb_87491,CC1NC11C2NC1C2O,-0.2401,0.064,0.3041,-419.09126,8.27498255740495
gdb_87631,OC1CC11C=CCC1O,-0.2259,0.0226,0.2485,-423.003909,6.762029482128018
gdb_87672,OC1CC11OC(=O)C=C1,-0.2549,-0.053,0.2019,-457.779259,5.493978883064977
gdb_87685,CC1CC11CN(C)C1=O,-0.2377,0.0372,0.275,-403.153282,7.4831312176467
gdb_87741,CC1CC11CC(O1)C#N,-0.2504,0.0018,0.2522,-401.918238,6.862711611238173
gdb_87744,CC1OC11CC(C1)C#N,-0.2752,0.0269,0.3021,-401.931561,8.220559784912973
gdb_87832,CC1OC11CC2CC12C,-0.2426,0.0925,0.3351,-387.04448,9.11853553103058
gdb_87865,OC1CC11CC2CN2C1,-0.2237,0.0741,0.2979,-403.101248,8.106271962679825
gdb_87872,CC1CC11OC2COC12,-0.2317,0.0602,0.2919,-422.955949,7.943003645203897
gdb_87876,CC1OC11CC2CCC12,-0.2507,0.0705,0.3212,-387.041983,8.740297262211344
gdb_87882,OC1CC11CC2COC12,-0.235,0.0651,0.3002,-422.955205,8.168858151045598
gdb_87893,CC1CC11CC=CC1=O,-0.2352,-0.0403,0.1949,-385.916133,5.303499179343061
gdb_87932,CN1CC11CNC(=O)C1,-0.2294,0.0358,0.2652,-419.212357,7.216459632436017
gdb_87951,CC1=CC2(CC2O)OC1,-0.2052,0.0234,0.2286,-423.002923,6.220522895832857
gdb_87967,CC1CC2(CC2O)CO1,-0.2378,0.0747,0.3125,-424.206043,8.50355820187125
gdb_87996,CN1CC11CCC1(C)C,-0.2216,0.0845,0.3061,-368.371989,8.329405329896925
gdb_88025,CC1CC11CNC1C#N,-0.2472,0.0135,0.2607,-382.036187,7.094008394329071
gdb_88046,OC1CC11CCC1C#C,-0.248,0.0466,0.2946,-385.814374,8.016474388068064
gdb_88047,OC1CC11CCC1C#N,-0.2642,0.0261,0.2904,-401.923303,7.902186565834914
gdb_88150,OC1CC11OCOC1=O,-0.2547,-0.0062,0.2485,-494.900633,6.762029482128018
gdb_88184,CC1NC11CCCC=C1,-0.2199,0.0188,0.2387,-367.207364,6.495357896917335
gdb_88206,CN1CC11CCCOC1,-0.2224,0.0792,0.3016,-404.316623,8.20695409178998
gdb_88241,CC1CC1C#CCC#C,-0.2314,0.0374,0.2689,-348.671251,7.317141761546172
gdb_88257,CC1CC1C(=O)C(C)=O,-0.2353,-0.0784,0.1569,-423.045291,4.269466501995518
gdb_88313,CC1CC1C(=N)OC=O,-0.2792,-0.0268,0.2524,-439.092448,6.868153888487371
gdb_88357,CN1CC1C(C#C)C#C,-0.2308,0.0312,0.262,-364.68767,7.129383196448856
gdb_88527,CC1CC1C12CC(C1)O2,-0.2326,0.0822,0.3148,-387.0044,8.566144390237023
gdb_88581,CN1CC1C1=NCCO1,-0.2281,0.0126,0.2407,-419.181057,6.549780669409311
gdb_88633,OC1CC1N1C2CCC12,-0.2255,0.0835,0.309,-403.065386,8.408318350010292
gdb_88673,CC1(C)CN1C1CC1O,-0.222,0.0782,0.3002,-404.294106,8.168858151045598
gdb_88675,CC1(C)OC1C1CC1O,-0.2476,0.0755,0.3232,-424.18457,8.794720034703321
gdb_88677,CC1CC1C1CC1(C)C,-0.2367,0.0884,0.325,-352.330205,8.8437005299461
gdb_88708,CC1OC1C1CC1C#C,-0.2453,0.0434,0.2887,-385.814805,7.855927209216736
gdb_88732,CC1CC1N1CC1C=O,-0.2375,-0.0282,0.2093,-403.10016,5.695343141285289
gdb_88759,CC1OC1C1CC2CN12,-0.2326,0.0744,0.307,-403.067142,8.353895577518315
gdb_88815,OC1CC1C1NCC1=O,-0.2305,-0.0425,0.188,-439.042159,5.115740614245744
gdb_88866,CC1NC1C1OCCO1,-0.2473,0.0792,0.3266,-440.247508,8.88723874793968
gdb_88872,CN1CC1C1CCCC1,-0.2188,0.0769,0.2957,-368.387525,8.046406912938652
gdb_88913,CC1CC1NC(=O)C#C,-0.2498,-0.0262,0.2236,-401.917767,6.084465964602916
gdb_88916,CC1CN1CC(=O)C#C,-0.2366,-0.0562,0.1804,-401.878463,4.908934078776235
gdb_88974,CC1CC1CC1CC1O,-0.25,0.0812,0.3312,-388.248264,9.012411124671225
gdb_88983,CC1OC1CN1CC1C,-0.2163,0.0863,0.3026,-404.284953,8.234165478035967
gdb_89007,OC1CC1CC1COC1,-0.239,0.0748,0.3138,-424.168705,8.538933003991035
gdb_89020,CC1CC1[NH2+]CC([O-])=O,-0.2465,0.0211,0.2676,-440.290776,7.281766959426388
gdb_89021,CC1CC1OCC(C)=O,-0.236,-0.0158,0.2202,-424.21071,5.9919472513665575
gdb_89080,CC1CC1COCC#N,-0.2776,0.0119,0.2895,-403.12285,7.877696318213525
gdb_89104,OC1CC1OCCC#C,-0.2327,0.0482,0.2809,-422.945128,7.643678396498029
gdb_89115,CC1OC1CCCC=O,-0.2492,-0.0207,0.2286,-424.21102,6.220522895832857
gdb_89228,OC1CC2(O)C3CC1C23,-0.2439,0.0712,0.3152,-422.987633,8.577028944735417
gdb_89253,CC1CC2(C)C3NC3C12,-0.2195,0.0765,0.296,-367.142494,8.054570328812447
gdb_89323,CC12CC(O)C1(O2)C#N,-0.2725,-0.0082,0.2643,-437.85516,7.1919693848146276
gdb_89324,CC12CC1(C#C)C(O)C2,-0.2239,0.0423,0.2662,-385.821963,7.243671018682005
gdb_89331,CC1CC2(C)OC12C#N,-0.2685,0.0,0.2685,-401.93022,7.3062572070477785
gdb_89347,CC1CC2(C)CC12C=O,-0.2391,-0.0217,0.2173,-387.080658,5.913034231253192
gdb_89401,OC1CC2(O)CC2C1=O,-0.2359,-0.0249,0.211,-458.961231,5.741602497903467
gdb_89407,CC1C2CC2(O)CC1O,-0.2367,0.0663,0.303,-424.213916,8.245050032534364
gdb_89440,CC1OC2(C)CC3C1C23,-0.2321,0.0924,0.3245,-387.068255,8.830094836823106
gdb_89510,OC1CC2(O)CCC=C12,-0.2277,0.0123,0.24,-422.991647,6.530732699037119
gdb_89627,[NH3+]C1CC2(NC12)C([O-])=O,-0.256,0.0029,0.2588,-455.126714,7.042306760461694
gdb_89699,OC1CC2(CC1C2)C#C,-0.2504,0.0476,0.2979,-385.83833,8.106271962679825
gdb_89748,CC1OC2(CC2)C11CC1,-0.2199,0.0822,0.3022,-387.037025,8.223280923537574
gdb_89760,OC1CC2(CO2)C11CN1,-0.2419,0.0525,0.2944,-439.00657,8.011032110818867
gdb_89820,CC1CC2(CO2)C=C1C,-0.2304,0.0163,0.2466,-387.087036,6.710327848260641
gdb_89877,CC1CC2(C1)OC2C=O,-0.257,-0.0397,0.2173,-422.998664,5.913034231253192
gdb_89960,CN1CC2(NCC12)C=O,-0.216,-0.0387,0.1773,-419.143932,4.824578781413672
gdb_90009,CC1CC2(CNC2=O)O1,-0.2321,0.0183,0.2504,-439.08353,6.813731115995395
gdb_90019,OC1CC2(C1)OCC2=O,-0.2578,-0.0454,0.2124,-458.936083,5.779698438647851
gdb_90278,OC1CC2=C(COC2)C1,-0.2208,0.0294,0.2502,-423.024554,6.808288838746197
gdb_90348,CC1CC2=CCOCC12,-0.2329,0.0233,0.2563,-387.070881,6.974278294846723
gdb_90356,OC1CC2=CCOCC12,-0.234,0.0218,0.2559,-422.994756,6.963393740348329
gdb_90357,CC12CC(=O)C1CC2O,-0.2346,-0.0135,0.2211,-423.01246,6.016437498987946
gdb_90361,CC12OC(=O)C1CC2O,-0.2661,0.0126,0.2787,-458.96534,7.583813346756855
gdb_90404,CC1CC2C(C)(C)C12C,-0.237,0.0833,0.3203,-352.329041,8.715807014589956
gdb_90439,CC1OC2C(O)C(C)C12,-0.2327,0.0565,0.2891,-424.176173,7.866811763715131
gdb_90456,CC1CC2C(O1)C2(C)O,-0.222,0.0742,0.2962,-424.208369,8.060012606061646
gdb_90553,OC1CC2C(OC12)C=O,-0.2416,-0.0282,0.2133,-458.910098,5.80418868626924
gdb_90594,CC1CC2C1C(O)C2=O,-0.2468,-0.0261,0.2208,-423.002795,6.00827408311415
gdb_90610,CC12CC1C1C(O)CC21,-0.2236,0.0696,0.2932,-387.026846,7.978378447323681
gdb_90705,CC1CC2C1C=CC2O,-0.24,0.0117,0.2517,-387.081461,6.849105918115178
gdb_90763,CC1CC2C1CCC2O,-0.2505,0.0643,0.3148,-388.288177,8.566144390237023
gdb_90779,CC12CC3C1N2CC3O,-0.2389,0.0712,0.3101,-403.109817,8.438250874880879
gdb_90828,OC1CC2C3C4C3N2C14,-0.2212,0.066,0.2873,-401.871619,7.817831268472352
gdb_90844,OC1CC2C3N4CC13C24,-0.221,0.0682,0.2892,-401.8228,7.86953290233973
gdb_90908,CC1OC2C3NC12C=C3,-0.2206,-0.0076,0.213,-401.784223,5.796025270395444
gdb_90981,CC1CC2C3OC2C13C,-0.2268,0.0781,0.3049,-387.036398,8.296751666401741
gdb_91036,CC1CC2C3NC3C12C,-0.2195,0.0783,0.2979,-367.142434,8.106271962679825
gdb_91049,OC1CC2C3CC3C12O,-0.2215,0.0642,0.2857,-422.95177,7.7742930504787715
gdb_91069,CC1CC2C3OC3C2O1,-0.236,0.0749,0.3109,-422.982842,8.46001998387767
gdb_91148,CC1CC2C=CC(=O)C12,-0.2313,-0.0435,0.1878,-385.911033,5.1102983369965465
gdb_91176,OC1CC2C=CC3C1N23,-0.2189,-0.006,0.2128,-401.922619,5.790582993146246
gdb_91247,OC1CC2NC(=O)C2C1,-0.2385,0.0394,0.2779,-439.110757,7.562044237760064
gdb_91280,CN1CC2OC(=N)CC12,-0.2239,0.033,0.2569,-419.196409,6.990605126594318
gdb_91289,OC1CC2OC(=N)CC12,-0.2595,0.0207,0.2802,-439.084896,7.6246304261258375
gdb_91548,OC1CC2CC12C1CO1,-0.2474,0.0713,0.3187,-422.959877,8.672268796596375
gdb_91665,OC1CC2CC1C21CO1,-0.2494,0.0812,0.3305,-422.982624,8.993363154299034
gdb_91724,CC1OC2CC1OC2=O,-0.25,0.002,0.252,-458.997389,6.857269333988976
gdb_91726,OC1CC2CC1CC2=O,-0.2295,-0.0061,0.2234,-423.056543,6.079023687353718
gdb_91762,CC1OC2CC1CCC2,-0.235,0.0765,0.3115,-388.315244,8.476346815625261
gdb_91770,OC1CC2CC1COC2,-0.25,0.0714,0.3215,-424.236483,8.748460678085141
gdb_91877,CC1CC2NC2C(=O)N1,-0.2316,0.0167,0.2483,-419.219425,6.75658720487882
gdb_91908,CC1CC(O)C2CN2C1,-0.2179,0.0678,0.2857,-404.3196,7.7742930504787715
gdb_91981,CC1OC2CC2C1C#N,-0.2488,0.0309,0.2797,-401.942304,7.611024733002844
gdb_91987,NC1CC2CN2C1C#N,-0.2347,0.0205,0.2552,-398.103345,6.944345769976137
gdb_91990,OC1CC2CC2C1C#N,-0.2801,0.039,0.3191,-401.950688,8.68315335109477
gdb_92058,CC1NC2CC2NC1=O,-0.2172,0.0332,0.2504,-419.217929,6.813731115995395
gdb_92144,CC12C3CC1CC(O)C23,-0.2408,0.0816,0.3224,-387.066485,8.772950925706532
gdb_92168,CC1OC2CC3C2C13O,-0.2371,0.0628,0.2999,-422.984664,8.1606947351718
gdb_92208,CC1OC2CN3CC1C23,-0.2138,0.0694,0.2832,-403.101772,7.706264584863802
gdb_92270,CC1CC2OC=NC12C,-0.2424,0.0199,0.2622,-403.156717,7.134825473698053
gdb_92356,CC12CCC(CC1O)C2,-0.2571,0.0742,0.3313,-388.311325,9.015132263295824
gdb_92378,CC1CC2CCC12C#N,-0.2797,0.0219,0.3016,-366.003102,8.20695409178998
gdb_92508,CC1=C2COC2CC1O,-0.2351,0.0054,0.2404,-422.984679,6.541617253535515
gdb_92567,CC1CC2=CCCC2O1,-0.2344,0.0201,0.2545,-387.104868,6.925297799603946
gdb_92577,CC1CC2COC=NC12,-0.2397,0.0259,0.2656,-403.147909,7.227344186934412
gdb_92641,OC1CC2COCC=C12,-0.2337,0.0174,0.2511,-422.997158,6.832779086367586
gdb_92766,CC1CN=C(N1)C1CO1,-0.2131,0.0204,0.2334,-419.19119,6.351137549813599
gdb_92821,CC1CN=C2NC=NC12,-0.2322,-0.0056,0.2267,-398.146322,6.16882126196548
gdb_92859,CC1CN=C2OCOC12,-0.2548,0.017,0.2718,-439.087258,7.3960547816595374
gdb_92890,CC1C=CCN(C)C1=O,-0.2359,0.0152,0.2511,-403.189291,6.832779086367586
gdb_92961,OC1CC=CC11COC1,-0.2443,0.0047,0.249,-422.998476,6.775635175251011
gdb_92969,CC1OC=NC1C(C)=O,-0.2384,-0.0188,0.2196,-439.113042,5.975620419618965
gdb_92987,CC1OC=NC1CC#C,-0.2457,0.0192,0.2649,-401.921433,7.208296216562221
gdb_93050,OC1CC=CC2COC12,-0.2415,0.0122,0.2537,-423.010821,6.903528690607155
gdb_93101,CC1OC=NCC1(C)C,-0.2426,0.0283,0.2709,-404.366876,7.371564534038148
gdb_93116,CC1CN=COC1C#N,-0.2645,0.0,0.2645,-418.023738,7.197411662063826
gdb_93159,NC1CC=CCOC1=O,-0.2366,-0.0109,0.2257,-439.091594,6.1416098757194915
gdb_93211,CC1CNC(=O)C(C)=C1,-0.2376,-0.0252,0.2124,-403.201909,5.779698438647851
gdb_93213,CC1COC(=N)C(N)=N1,-0.2317,-0.0301,0.2016,-435.291465,5.4858154671911805
gdb_93265,CC1(O)C(O)CCC1=O,-0.2493,-0.0308,0.2185,-460.186374,5.945687894748378
gdb_93278,CC1OCC(=O)C1(C)C,-0.237,-0.0216,0.2154,-424.252085,5.8613325973858155
gdb_93404,CC1CNC(=O)C=C1N,-0.2139,-0.0051,0.2088,-419.25674,5.681737448162295
gdb_93504,CC1CNC(=O)CC1O,-0.2343,0.0328,0.2671,-440.327648,7.2681612663033945
gdb_93695,CC1CCC(C)(O)CO1,-0.2434,0.0765,0.3199,-425.442188,8.704922460091561
gdb_93778,CC1OCC(C)=CC1O,-0.239,0.0135,0.2525,-424.231755,6.870875027111969
gdb_93805,CC1NCC(O)CC1=O,-0.2344,-0.0186,0.2158,-440.300372,5.87221715188421
gdb_93812,CN1CCC(O)C(=O)C1,-0.2269,-0.0279,0.199,-440.293415,5.415065862951612
gdb_93824,CC1CC(C)C(C)CO1,-0.2417,0.08,0.3217,-389.508122,8.75390295533434
gdb_94119,OC1CCC(C1)OC=O,-0.2705,0.0103,0.2807,-460.187032,7.638236119248831
gdb_94120,OC1CCC(CC=O)C1,-0.2505,-0.0228,0.2277,-424.237997,6.196032648211467
gdb_94218,CC1CCC1(O)CC#N,-0.2743,0.0237,0.298,-403.151697,8.108993101304423
gdb_94238,CC1COC1(C)CC=O,-0.2421,-0.0203,0.2218,-424.215339,6.035485469360138
gdb_94363,CC1CCC11CC2CC12,-0.2425,0.0902,0.3328,-351.110122,9.055949342664805
gdb_94414,CN1CCC11CCC1=O,-0.2037,-0.024,0.1797,-403.123016,4.889886108404044
gdb_94440,CC1OCC11CCC1O,-0.2357,0.0662,0.3019,-424.185762,8.215117507663777
gdb_94443,CC1OCC11OCC1O,-0.2433,0.0551,0.2985,-460.11055,8.122598794427418
gdb_94534,OC1CNC1C(=O)C=O,-0.2394,-0.1044,0.1349,-474.990795,3.6708160045837808
gdb_94556,CC1COC1C1(C)CO1,-0.242,0.0728,0.3149,-424.182263,8.568865528861622
gdb_94563,CC1CCC1C1CCC1,-0.2696,0.0811,0.3507,-352.33014,9.543033156467992
gdb_94595,CC1OCC1NC(C)=O,-0.2476,0.0257,0.2733,-440.294318,7.43687186102852
gdb_94603,NC(=O)OC1CCC1O,-0.2573,0.0498,0.3071,-476.242309,8.356616716142915
gdb_94714,CC1CCC2(O)CC2C1,-0.245,0.0805,0.3255,-388.290723,8.857306223069093
gdb_94736,CC1OCC2(C)OCC12,-0.2411,0.0829,0.324,-424.217314,8.816489143700112
gdb_94821,CC1CCC2(CO2)C=C1,-0.2406,0.0089,0.2495,-387.086488,6.789240868374006
gdb_94843,CC1CC2(CCC2)CO1,-0.2371,0.0811,0.3183,-388.284831,8.66138424209798
gdb_94866,CC1OCC23CN(C2)C13,-0.2233,0.0644,0.2877,-403.030219,7.828715822970747
gdb_94943,CC1OCC2C1C2(C)O,-0.2406,0.0771,0.3177,-424.212317,8.645057410350386
gdb_95024,CC1OCC2C3OC3C12,-0.2394,0.0693,0.3086,-422.976066,8.397433795511896
gdb_95140,CN1CCC2CC1C2=O,-0.2072,-0.0112,0.196,-403.132174,5.333431704213648
gdb_95155,CC12CC(O)CCC1N2,-0.2321,0.0696,0.3017,-404.336031,8.20967523041458
gdb_95166,CC1CCC2CC2(O)C1,-0.2388,0.076,0.3148,-388.289639,8.566144390237023
gdb_95171,CC1OCC2CC2(C)O1,-0.2437,0.0846,0.3283,-424.218709,8.93349810455786
gdb_95260,CC1OCC2CC3C2C13,-0.2327,0.0862,0.3189,-387.062353,8.677711073845574
gdb_95338,CC1CC2CCC2CO1,-0.2399,0.0817,0.3216,-388.287173,8.75118181670974
gdb_95349,CC1OCC2CCC2O1,-0.2401,0.0795,0.3196,-424.213336,8.696759044217764
gdb_95388,OC1COC2OCCC12,-0.2518,0.0568,0.3086,-460.165261,8.397433795511896
gdb_95421,CC1CCN=C(O1)C#N,-0.2748,-0.044,0.2309,-418.030727,6.283109084198629
gdb_95435,CC1CCC=C1C(N)=O,-0.2438,-0.0234,0.2204,-403.198344,5.997389528615756
gdb_95458,CC1CCC=C1CC#C,-0.2334,0.0216,0.255,-349.931613,6.93890349272694
gdb_95466,CC1OCC=C1CC=O,-0.2355,-0.0341,0.2014,-423.03296,5.480373189941983
gdb_95533,OC1CCC=CC1C#C,-0.2498,0.0121,0.2619,-385.86204,7.126662057824258
gdb_95565,CC1NCC=CCC1=O,-0.2194,-0.0092,0.2102,-403.158708,5.719833388906677
gdb_95585,CC1OCC=CCC1O,-0.2459,0.015,0.2609,-424.220251,7.0994506715782695
gdb_95620,CC1C(O)CCNC1=O,-0.2333,0.0312,0.2645,-440.326525,7.197411662063826
gdb_95666,CC1OCOC(=N)C=C1,-0.2476,-0.0346,0.213,-439.089162,5.796025270395444
gdb_95751,CC1(O)CCCC(O)C1,-0.2541,0.0638,0.318,-425.44375,8.653220826224183
gdb_95753,CC1CC(C)(C)CCO1,-0.2412,0.0765,0.3177,-389.508447,8.645057410350386
gdb_95787,CC1OCCC(O)C1=O,-0.246,-0.0342,0.2118,-460.180126,5.763371606900258
gdb_96015,OC1CCOC1C1CC1,-0.2364,0.0655,0.302,-424.203308,8.217838646288376
gdb_96099,CC1COCC2(CO2)C1,-0.2457,0.0766,0.3224,-424.208665,8.772950925706532
gdb_96115,CC1CCCC2CC12C,-0.2524,0.0817,0.3341,-352.363989,9.09132414478459
gdb_96134,CC1CCCC2CC1C2,-0.2773,0.0789,0.3562,-352.359119,9.692695780820925
gdb_96143,OC1CCCC2CC1C2,-0.257,0.0762,0.3332,-388.284965,9.066833897163201
gdb_96209,OC1CCCC=C1C#C,-0.2323,-0.0201,0.2123,-385.870449,5.776977300023252
gdb_96255,CC1CCOC=NCC1,-0.2485,0.0093,0.2578,-404.346014,7.015095374215705
gdb_96282,CC1CCOCC(=O)C1,-0.2331,-0.0169,0.2162,-424.244613,5.883101706382606
gdb_96301,CN1CCNCC(=O)C1,-0.2148,-0.0162,0.1986,-420.394537,5.404181308453216
gdb_96359,CC1CCCCC11CC1,-0.2576,0.0851,0.3427,-352.364377,9.325342066500088
gdb_96362,CC1CCOCC11CC1,-0.2429,0.0852,0.3281,-388.281652,8.928055827308663
gdb_96368,CC1OCCCC11CC1,-0.2415,0.0866,0.3281,-388.285433,8.928055827308663
gdb_96375,OC1CCCCC11CC1,-0.2489,0.0763,0.3252,-388.293205,8.849142807195298
gdb_96445,CC1CCOCC2CN12,-0.219,0.0779,0.2969,-404.306728,8.079060576433838
gdb_96453,CC1OCCCC2CC12,-0.2388,0.0806,0.3194,-388.27311,8.691316766968567
gdb_96505,CC1CCOCOC1=O,-0.264,0.0094,0.2734,-460.193521,7.439592999653118
gdb_96515,CC1OCCCNC1=O,-0.2308,0.0234,0.2543,-440.309249,6.919855522354749
gdb_96578,OC1COCCCC=C1,-0.2418,0.0116,0.2535,-424.208315,6.898086413357958
gdb_96586,CC1CCCOCCO1,-0.2318,0.0886,0.3204,-425.415934,8.718528153214555
gdb_96644,CC(=NC)N(C=O)C=O,-0.2498,-0.0365,0.2133,-455.167553,5.80418868626924
gdb_96664,CC(=NC)OC(C)(C)C,-0.2374,0.0333,0.2707,-405.558464,7.366122256788951
gdb_96806,CN=C1NC(=O)CC1O,-0.2563,-0.0145,0.2417,-455.188369,6.5769920556553
gdb_96824,CN=C1OC(C#N)C1N,-0.2594,-0.0075,0.2519,-434.047563,6.854548195364377
gdb_96911,CN=C1OC2(CC2)C1O,-0.2477,0.0123,0.26,-439.044736,7.07496042395688
gdb_96940,CN=C1OC2C(C)NC12,-0.2326,0.0235,0.256,-419.160674,6.9661148789729275
gdb_96964,CN=C1OC2CC1(O)C2,-0.2513,0.0278,0.2791,-439.067102,7.594697901255251
gdb_97033,CN=C1CCC(=O)N1C,-0.2385,-0.0011,0.2375,-419.253156,6.46270423342215
gdb_97045,CN=C1COC(=N)CN1,-0.2306,0.0171,0.2477,-435.269829,6.740260373131227
gdb_97101,CN=C1OCC1(O)C=O,-0.2612,-0.0544,0.2068,-475.004808,5.627314675670318
gdb_97120,CN=C1OCC1C(C)O,-0.2486,0.0282,0.2768,-440.269411,7.532111712889478
gdb_97206,CN=C1OCCC1(C)O,-0.253,0.0247,0.2777,-440.299056,7.556601960510867
gdb_97261,NC=N[C-](C#N)C(N)=[NH2+],-0.1784,0.0024,0.1808,-430.272368,4.91981863327463
gdb_97343,CN=COC(=O)CC#C,-0.2632,-0.0267,0.2365,-437.866653,6.435492847176161
gdb_97389,CN=COC12CN(C1)C2,-0.2522,0.0188,0.271,-419.111142,7.374285672662748
gdb_97399,CN=COC1C2COC12,-0.2417,0.0291,0.2708,-439.011153,7.36884339541355
gdb_97408,CN=COC1CC1C=O,-0.2502,-0.0277,0.2225,-439.05858,6.05453343973233
gdb_97448,CN=COCC1CN1C,-0.2323,0.0234,0.2556,-420.350712,6.955230324474532
gdb_97488,CCC#CC#CCC#N,-0.2463,-0.0245,0.2218,-363.57349,6.035485469360138
gdb_97493,CC#CC(=O)C#CCO,-0.2593,-0.0695,0.1898,-420.559991,5.164721109488522
gdb_97508,CCC#CC(=O)C1CN1,-0.2554,-0.057,0.1984,-401.905512,5.398739031204019
gdb_97616,CCC#CC(C=O)C#N,-0.2694,-0.0571,0.2124,-400.727578,5.779698438647851
gdb_97650,CCC(OC)C#CCO,-0.2577,0.0292,0.2869,-424.169991,7.806946713973956
gdb_97663,CCC#CC1(O)CC1C,-0.2255,0.0402,0.2657,-387.044945,7.2300653255590115
gdb_97703,OCC#CC1(CO1)C#N,-0.283,-0.0312,0.2518,-436.61205,6.851827056739779
gdb_97759,C1C(CC1=O)C#CCO,-0.2406,-0.0239,0.2167,-421.782981,5.896707399505599
gdb_97797,CCC#CC1CC1CC,-0.224,0.0541,0.2782,-351.119037,7.570207653633862
gdb_98010,CCC(=O)C#CC(=O)N,-0.269,-0.0669,0.2021,-437.895631,5.499421160314174
gdb_98021,CC(C)C#CC(=O)NC,-0.2471,-0.0123,0.2348,-403.149983,6.389233490557983
gdb_98031,COC(=O)C#CC1CC1,-0.2578,-0.0283,0.2295,-421.803902,6.245013143454246
gdb_98039,CNC(=O)C#CCC#C,-0.2538,-0.0187,0.235,-400.69914,6.394675767807179
gdb_98041,COC(=O)C#CCC#C,-0.2698,-0.0357,0.2341,-420.573912,6.370185520185791
gdb_98078,CNC(=N)C(=O)C(C)O,-0.2371,-0.0693,0.1678,-456.354885,4.566070612076786
gdb_98091,CNC(=N)C(=O)C1CC1,-0.2253,-0.0533,0.1719,-419.209811,4.677637295685337
gdb_98257,CC(C)C(C)C(=O)CO,-0.2607,-0.0233,0.2374,-425.44224,6.4599830947975505
gdb_98262,CC(O)C(O)C(=O)CO,-0.268,-0.0382,0.2298,-497.298125,6.253176559328042
gdb_98346,OCC(=O)C(O)CC#N,-0.295,-0.0638,0.2312,-475.030225,6.2912725000724254
gdb_98361,CNC(=O)C(C)OC=O,-0.256,-0.0061,0.2499,-476.269809,6.8001254228724015
gdb_98383,CNC(=O)N(C=N)C=O,-0.2618,-0.0365,0.2253,-471.261272,6.130725321221096
gdb_98404,CC1CC1(C)C(=O)CO,-0.2613,-0.0211,0.2401,-424.229268,6.533453837661718
gdb_98481,COC(=O)C1(CO)CO1,-0.2653,-0.0051,0.2602,-496.085657,7.080402701206077
gdb_98503,COC(=O)C1(CO1)C#C,-0.2671,-0.0192,0.2479,-457.715326,6.745702650380426
gdb_98531,COC(=O)C12CC(C1)O2,-0.2448,0.0,0.2447,-458.907482,6.658626214393263
gdb_98644,COC(=O)C1CC(=N)O1,-0.2683,-0.0144,0.2539,-475.036797,6.908970967856353
gdb_98741,CNC(=O)C1OC1C=O,-0.2504,-0.0395,0.2109,-475.020185,5.738881359278869
gdb_98764,CNC(=O)C1CC2NC12,-0.2262,0.0364,0.2626,-419.183504,7.145710028196449
gdb_98822,OCC(=N)N1CCC1=O,-0.2568,-0.0179,0.2389,-455.1501,6.500800174166533
gdb_98869,CNC(=O)N1CCC=C1,-0.1989,0.0148,0.2137,-419.244184,5.815073240767635
gdb_98889,CCC(=O)N1CCCC1,-0.2288,0.0398,0.2686,-404.393684,7.308978345672377
gdb_98913,COC(=O)CC#CC#C,-0.2461,-0.0153,0.2308,-420.591657,6.28038794557403
gdb_98957,CNC(=O)CC(=O)C=O,-0.2522,-0.1116,0.1406,-475.061024,3.8259209061859125
gdb_98996,CNC(=O)NC(=O)CO,-0.2608,-0.0215,0.2393,-492.344069,6.511684728664928
gdb_99001,COC(=N)NC(=N)CN,-0.2293,0.0155,0.2448,-452.512144,6.661347353017862
gdb_99020,CC(C)(C)OC(=O)CN,-0.242,0.018,0.26,-441.516973,7.07496042395688
gdb_99054,CCC(=O)CC(O)C#N,-0.2641,-0.0293,0.2348,-439.104193,6.389233490557983
gdb_99059,CNC(=O)CC(C)C#C,-0.2462,0.028,0.2742,-403.143717,7.461362108649909
gdb_99092,COC(=O)CC(C)C=O,-0.2553,-0.0237,0.2316,-460.201587,6.302157054570821
gdb_99147,CNC(=O)OC1CC1C,-0.2471,0.0641,0.3112,-440.304702,8.468183399751466
gdb_99266,CCC(=O)CCC(C)O,-0.2405,-0.0046,0.2359,-425.447113,6.419166015428569
gdb_99277,CC(C)COC(=O)NC,-0.248,0.0675,0.3155,-441.528805,8.585192360609213
gdb_99296,CNC(=O)CCC1CO1,-0.2457,0.034,0.2796,-440.285963,7.608303594378245
gdb_99346,CNC(=O)NCCC#N,-0.2556,0.0377,0.2933,-435.309554,7.9810995859482805
gdb_99360,C(CC#N)CC(=O)CO,-0.258,-0.0225,0.2355,-439.098106,6.408281460930174
gdb_99436,CNC(C#C)C#CC#N,-0.2558,-0.0489,0.2069,-379.588491,5.630035814294917
gdb_99497,CNC(C#N)C(=N)OC,-0.2403,-0.0024,0.2379,-435.252528,6.473588787920545
gdb_99581,CCC(C#N)C(O)C=O,-0.2882,-0.0553,0.2329,-439.100776,6.337531856690605
gdb_99639,CCC(C#N)C1CN1C,-0.2386,0.0302,0.2688,-383.245969,7.314420622921574
gdb_99687,CCC(C#CC)C#CC,-0.2375,0.0479,0.2854,-349.902108,7.766129634604974
gdb_99699,CCC(C#CC)C(C)C,-0.2406,0.0615,0.3022,-352.337224,8.223280923537574
gdb_99704,CC#CC(CO)C1CN1,-0.2443,0.0505,0.2949,-403.079286,8.02463780394186
gdb_99827,COC(C)(C#C)C(N)=O,-0.2381,0.0209,0.259,-439.060636,7.047749037710892
gdb_99920,NCC(O)(C#N)C1CC1,-0.2448,0.0109,0.2557,-419.184456,6.957951463099131
gdb_99932,CC(O)(CO)C#CC#N,-0.2764,-0.0481,0.2284,-437.853335,6.2150806185836585
gdb_100075,CC(=O)OC(C)(C)CO,-0.26,0.0192,0.2792,-461.393667,7.597419039879849
gdb_100101,CCC(C)(C)CC(C)O,-0.2571,0.0663,0.3234,-390.692198,8.80016231195252
gdb_100166,COC(C)(C=O)C#CC,-0.2382,-0.0346,0.2036,-422.984273,5.540238239683156
gdb_100178,NC(=O)C(O)(CO)C=O,-0.2562,-0.0432,0.213,-512.183815,5.796025270395444
gdb_100227,COC(C)(CC#N)C#C,-0.2751,0.0185,0.2936,-401.906549,7.989263001822077
gdb_100249,OCC(O)(CC#C)C=O,-0.2498,-0.0426,0.2072,-458.917561,5.638199230168714
gdb_100285,NC(C[NH3+])(CO)C([O-])=O,-0.2414,0.0128,0.2542,-493.497058,6.917134383730149
gdb_100345,CC(CO)(CO)OC=N,-0.253,0.024,0.277,-477.394641,7.537553990138677
gdb_100384,OCC(O)(CC=O)C#N,-0.2625,-0.0389,0.2236,-475.01955,6.084465964602916
gdb_100387,CC(CO)(OC=N)C=O,-0.2608,-0.0549,0.2059,-476.206783,5.602824428048929
gdb_100474,CCC(O)C#CC1CC1,-0.2375,0.037,0.2745,-387.040622,7.469525524523706
gdb_100487,CCC(O)C#CCC#C,-0.2551,0.0318,0.2869,-385.812812,7.806946713973956
gdb_100515,CCN(C)C(=[NH2+])C([O-])=O,-0.2224,-0.0292,0.1932,-456.37077,5.257239822724881
gdb_100532,CCC(C)C(=O)N(C)C,-0.2333,0.035,0.2682,-405.573735,7.298093791173981
gdb_100536,CCN(C)C(=O)C(C)C,-0.2306,0.0328,0.2634,-405.576926,7.167479137193239
gdb_100542,COC(C)C(=O)N(C)C,-0.2335,0.0237,0.2572,-441.488361,6.998768542468113
gdb_100570,CCC(C)C(=O)CC#N,-0.2637,-0.0365,0.2272,-403.1783,6.182426955088474
gdb_100651,CCC(O)C(C)(O)C#N,-0.2757,0.0181,0.2938,-440.286027,7.994705279071274
gdb_100712,CC(CO)C(C)C(N)=O,-0.2454,0.0314,0.2767,-441.511103,7.5293905742648795
gdb_100722,CCC(C)C(O)C(N)=O,-0.2571,0.0185,0.2756,-441.519356,7.499458049394293
gdb_100810,CCC(O)C(C)CC#C,-0.2539,0.058,0.3119,-388.25449,8.487231370123657
gdb_100926,COC(C=O)C(C)CO,-0.2343,-0.0166,0.2177,-461.340849,5.923918785751588
gdb_100949,COC(C)C(CO)CO,-0.2459,0.0652,0.3111,-462.530531,8.465462261126866
gdb_100967,CCC(C)C1(C)CN1C,-0.2172,0.0792,0.2964,-369.581801,8.065454883310842
gdb_101002,CCC(O)C1(C)COC1,-0.243,0.0576,0.3006,-425.396536,8.179742705543992
gdb_101074,NC(CO)C1(CO1)C#N,-0.2655,-0.0069,0.2586,-455.104451,7.036864483212496
gdb_101124,CCC(O)C12CCC1N2,-0.2473,0.067,0.3143,-404.299598,8.552538697114029
gdb_101128,COC(C)C12CC1CO2,-0.2355,0.0732,0.3087,-424.161714,8.400154934136495
gdb_101204,CC(CO)C1CC(=O)C1,-0.2404,-0.017,0.2234,-424.222736,6.079023687353718
gdb_101235,CCC(O)C1CC(C)O1,-0.2514,0.0777,0.3291,-425.413315,8.95526721355465
gdb_101280,CCC(O)C1OC1C#C,-0.2633,0.014,0.2774,-422.953894,7.5484385446370705
gdb_101400,CCC(C)C1CCC1=O,-0.2359,-0.0171,0.2188,-388.301529,5.953851310622174
gdb_101446,COC(C)C1CCC1C,-0.2479,0.0771,0.3251,-389.466738,8.846421668570699
gdb_101451,OCC(O)C1CCC1O,-0.2449,0.0579,0.3029,-461.321503,8.242328893909765
gdb_101471,CC(CO)C1COCO1,-0.2535,0.0758,0.3292,-461.345412,8.95798835217925
gdb_101488,OCC(O)C1CCCC1,-0.2542,0.0633,0.3175,-425.428056,8.63961513310119
gdb_101523,CC(CO)NC(=N)C#N,-0.2446,-0.0357,0.2089,-435.267988,5.684458586786893
gdb_101584,CCC(O)CC(=N)OC,-0.2568,0.0214,0.2782,-441.483865,7.570207653633862
gdb_101653,CC(CO)CC(O)C=O,-0.2683,-0.0368,0.2316,-461.356071,6.302157054570821
gdb_101795,COC(C)CCC(C)=O,-0.2393,-0.0043,0.235,-425.436248,6.394675767807179
gdb_101920,CCC(C1CO1)C(N)=O,-0.2452,0.0278,0.273,-440.288735,7.428708445154724
gdb_101988,CCC(C=O)C#CC#C,-0.2457,-0.0437,0.202,-384.637569,5.496700021689576
gdb_102071,COC(C=O)C(O)C#N,-0.275,-0.0541,0.2208,-475.005704,6.00827408311415
gdb_102118,CCC(C=O)C1COC1,-0.2482,-0.0293,0.2189,-424.202753,5.9565724492467735
gdb_102144,CCC(CC#N)C(N)=O,-0.2615,0.0112,0.2728,-419.255594,7.423266167905526
gdb_102172,COC(CC#C)C(C)O,-0.2402,0.0544,0.2947,-424.169442,8.019195526692664
gdb_102216,COC(CC#CC)C#N,-0.2563,0.0133,0.2696,-401.914159,7.336189731918365
gdb_102280,CCC(OC(C)=O)C=O,-0.2581,-0.0284,0.2297,-460.204638,6.250455420703443
gdb_102307,CCC(OC(C)C)C#N,-0.2787,0.0222,0.3008,-404.358133,8.18518498279319
gdb_102316,COC(CN(C)C)C#N,-0.2203,0.019,0.2392,-420.375505,6.508963590040329
gdb_102376,CCC(CC)(CO)C#C,-0.2599,0.0502,0.3101,-388.247402,8.438250874880879
gdb_102404,C(C(CO)(CO)C=O)O,-0.2591,-0.0417,0.2175,-497.277581,5.91847650850239
gdb_102427,COC(CO)C#CC#N,-0.2757,-0.0493,0.2264,-437.835649,6.1606578460916825
gdb_102538,COC(CO)C(C)C=O,-0.2468,-0.0301,0.2168,-461.343902,5.899428538130198
gdb_102567,CCC(CO)C1CC1C,-0.2559,0.0772,0.333,-389.462167,9.061391619914005
gdb_102593,COC(CO)C1CCC1,-0.2472,0.07,0.3173,-425.389606,8.634172855851993
gdb_102594,COC(CO)C1CCO1,-0.2394,0.06,0.2995,-461.313289,8.149810180673406
gdb_102605,CC(=O)CC(CO)CO,-0.2476,-0.0134,0.2342,-461.363545,6.372906658810389
gdb_102655,CCC(CO)CC1CC1,-0.2508,0.0854,0.3362,-389.466745,9.148468055901166
gdb_102716,CCC(CC1CC1)C#N,-0.2856,0.036,0.3216,-367.215438,8.75118181670974
gdb_102785,CCN(CC=O)C(=O)C,-0.2416,-0.0302,0.2114,-440.314222,5.752487052401863
gdb_102825,COC(CC=O)C1CO1,-0.2443,-0.0208,0.2235,-460.119381,6.081744825978318
gdb_102846,CCC(CC=O)CC#N,-0.2639,-0.0373,0.2266,-403.1684,6.166100123340881
gdb_102868,OCC(CC=O)OC=O,-0.261,-0.0372,0.2238,-496.109385,6.089908241852114
gdb_102895,COC(CCC#C)C#N,-0.2688,0.0121,0.2809,-401.905227,7.643678396498029
gdb_102900,NCC(OCC#C)C#N,-0.2542,-0.0002,0.254,-417.946392,6.911692106480952
gdb_102966,CCC(COC=O)C=O,-0.2592,-0.0322,0.2269,-460.18272,6.174263539214676
gdb_103161,COC1(C)C(C)NC1=O,-0.2289,0.0301,0.259,-440.292921,7.047749037710892
gdb_103260,CCC1(C)C2OC(=O)C12,-0.2724,0.0008,0.2731,-423.02189,7.431429583779323
gdb_103300,CCC1(C)C2CC1(C)O2,-0.2295,0.0842,0.3137,-388.225776,8.536211865366434
gdb_103386,CC1(CO)N2CC2C1=O,-0.2476,-0.0328,0.2148,-439.044326,5.845005765638222
gdb_103450,CCC1(O)C2CC=CC12,-0.2172,0.0196,0.2368,-387.079139,6.4436562630499585
gdb_103457,CC1(CO)C2CCC12O,-0.2295,0.0721,0.3015,-424.177453,8.20423295316538
gdb_103462,CC12CCC1C2(O)CO,-0.2441,0.0596,0.3036,-424.182405,8.261376864281957
gdb_103477,COC1(C)C2COC12C,-0.2255,0.0798,0.3052,-424.165198,8.304915082275539
gdb_103494,CCC1(O)C2COCC12,-0.2436,0.0695,0.3131,-424.206,8.519885033618841
gdb_103541,CCC1(C)C=CCC1C,-0.2346,0.0272,0.2619,-352.368954,7.126662057824258
gdb_103659,CCC1(C)CC(O1)=NC,-0.2423,0.0365,0.2788,-404.353,7.586534485381454
gdb_103713,CCC1(O)CC1(N)C#N,-0.2593,0.0308,0.29,-419.194421,7.891302011336519
gdb_103760,COC1(C)CC1(O)CO,-0.2348,0.0699,0.3048,-461.318335,8.294030527777142
gdb_103802,CC1(CO)CN1C(N)=O,-0.251,0.0369,0.2879,-456.346879,7.834158100219945
gdb_103824,CC(C)C1NC1(C)CO,-0.2417,0.0618,0.3035,-405.519196,8.258655725657357
gdb_103932,CCC1(O)CC2(O)CC12,-0.2416,0.0703,0.3119,-424.183944,8.487231370123657
gdb_103964,CCC1(C)CC2C1N2C,-0.2244,0.0775,0.3018,-368.357211,8.212396369039178
gdb_104052,CCC1(C)CC2CCC12,-0.2576,0.0802,0.3378,-352.328639,9.192006273894746
gdb_104142,OCC1(O)CNC(=O)C1,-0.2396,0.0353,0.2749,-476.253604,7.4804100790221
gdb_104167,CCC1(C)CC(C)CO1,-0.2382,0.0794,0.3176,-389.507049,8.642336271725789
gdb_104212,CCC1(C)CCC11CO1,-0.2522,0.0809,0.3331,-388.258806,9.064112758538602
gdb_104215,CCC1(C)OCC11CN1,-0.2415,0.0677,0.3092,-404.300405,8.413760627259489
gdb_104316,COC1(C)CCC2OC12,-0.2483,0.0824,0.3308,-424.202359,9.00152657017283
gdb_104319,COC1(C)OCC2CC12,-0.2521,0.0862,0.3383,-424.208944,9.20561196701774
gdb_104340,CCC1(C)CCC=CC1,-0.235,0.0335,0.2685,-352.374573,7.3062572070477785
gdb_104384,OCC1(O)CCOC1=N,-0.2593,0.0111,0.2704,-476.23453,7.357958840915154
gdb_104408,CCC1(O)CCCC1O,-0.2592,0.0688,0.328,-425.433383,8.925334688684064
gdb_104434,OCC1(O)CCCC=C1,-0.2358,0.0266,0.2623,-424.230132,7.137546612322652
gdb_104519,COC1(CC#N)CC1O,-0.2466,0.0266,0.2731,-439.052078,7.431429583779323
gdb_104548,CCC1(CC(=O)C1)C#N,-0.263,-0.0403,0.2227,-401.968381,6.059975716981528
gdb_104585,CCC1(CC(N)=O)CO1,-0.2409,0.0283,0.2692,-440.298489,7.32530517741997
gdb_104639,COC1(CC(O)C1)C#N,-0.2738,0.0148,0.2887,-439.060754,7.855927209216736
gdb_104657,CC1N(C)C1(CO)CO,-0.2272,0.0685,0.2957,-441.434341,8.046406912938652
gdb_104739,COC1(CO)CC1(C)O,-0.2369,0.0691,0.306,-461.316683,8.326684191272328
gdb_104768,CCC1(CO)CC1C=O,-0.2447,-0.0175,0.2272,-424.211643,6.182426955088474
gdb_104895,C1COCC1(CO)CO,-0.2474,0.0559,0.3033,-461.346104,8.253213448408161
gdb_104913,CCC1(NC1(C)C)C#N,-0.2599,0.0193,0.2792,-383.267089,7.597419039879849
gdb_104945,OCC1(CN1)C#CC#N,-0.2748,-0.0486,0.2262,-416.745536,6.155215568842486
gdb_104975,OCC1(CN1)C(=O)C=O,-0.2565,-0.1108,0.1457,-474.988483,3.9646989760404514
gdb_105099,OCC1(CO1)C1CC1O,-0.2388,0.0691,0.3079,-460.105102,8.378385825139706
gdb_105138,NCC1(CC1C#N)C#N,-0.2631,-0.0113,0.2518,-396.923749,6.851827056739779
gdb_105149,OCC1(NC1C#N)C#C,-0.2697,-0.0129,0.2568,-416.736441,6.987883987969718
gdb_105233,CCC1(OC1C)C(C)C,-0.2521,0.0791,0.3312,-389.478754,9.012411124671225
gdb_105249,CCC1(CC1C)C1CC1,-0.2507,0.094,0.3447,-352.325596,9.379764838992063
gdb_105278,CCC1(CN1C=O)C#C,-0.2556,-0.0051,0.2505,-401.901911,6.8164522546199935
gdb_105301,COC1(CC1C=O)C=O,-0.2562,-0.0488,0.2074,-458.942597,5.643641507417911
gdb_105345,OCC1(OC2CC12)C#N,-0.2745,0.0008,0.2753,-437.82947,7.4912946335204955
gdb_105368,CCC1(CC1)CN2CC2,-0.2308,0.0831,0.3139,-368.360616,8.541654142615632
gdb_105379,OCC1(CC2CO2)CO1,-0.2669,0.0772,0.3442,-460.099935,9.36615914586907
gdb_105417,OCC1(CC=O)CCO1,-0.2467,-0.0219,0.2248,-460.135147,6.117119628098102
gdb_105494,CNC1(COC1)C(=O)N,-0.2225,0.0128,0.2353,-456.322877,6.402839183680976
gdb_105559,CCC1(NCC1=O)C#N,-0.2663,-0.0527,0.2136,-418.004657,5.812352102143037
gdb_105646,COC1(CCC1C)C#C,-0.2507,0.0404,0.2911,-387.02819,7.921234536207107
gdb_105647,COC1(CCC1C)C#N,-0.2748,0.0225,0.2973,-403.136082,8.089945130932232
gdb_105653,COC1(COC1C)C#N,-0.2691,0.0086,0.2777,-439.05529,7.556601960510867
gdb_105670,CCC1(CCC1O)C=O,-0.2449,-0.025,0.2199,-424.215811,5.983783835492761
gdb_105696,COC1(CC1)COC=O,-0.2676,0.0136,0.2811,-460.143532,7.649120673747227
gdb_105712,CCC1(CNC=N1)C#N,-0.2434,0.003,0.2464,-398.147556,6.7048855710114434
gdb_105819,COC12C(O)C1C1CC21,-0.207,0.0729,0.28,-422.916878,7.61918814887664
gdb_105932,OCC12C3C1N1C3CC21,-0.2155,0.063,0.2785,-401.838284,7.578371069507658
gdb_105938,CCC12C3C1C1CC3C21,-0.229,0.093,0.3219,-349.881151,8.759345232583538
gdb_106080,OCC12C3CC1=CCC23,-0.2132,-0.0367,0.1765,-385.77384,4.802809672416881
gdb_106083,OCC12C3CN=C1NC23,-0.2246,-0.0566,0.168,-417.847329,4.571512889325984
gdb_106087,CCC12C3CN1C(=O)C23,-0.2419,0.0029,0.2448,-401.899135,6.661347353017862
gdb_106169,CCC12C3CC1COC23,-0.2214,0.0824,0.3039,-387.058002,8.269540280155754
gdb_106178,COC12C3CCC1OC23,-0.2198,0.0815,0.3014,-422.969095,8.201511814540783
gdb_106193,CCC12C3CC4C(C14)C23,-0.2125,0.0883,0.3008,-349.912134,8.18518498279319
gdb_106203,OCC12C3CC4C(C13)N24,-0.2293,0.0648,0.2941,-401.879532,8.00286869494507
gdb_106239,CC1C2C(=N)OC12CO,-0.2579,0.0178,0.2756,-439.043738,7.499458049394293
gdb_106274,CC1C2(C)CC1(CO)O2,-0.2377,0.0785,0.3162,-424.159395,8.604240330981405
gdb_106277,CCC12CC(C)(C1)C2O,-0.2433,0.0728,0.3161,-388.245603,8.601519192356806
gdb_106282,COC12CC(C)(C1)C2C,-0.2438,0.0913,0.3351,-388.235765,9.11853553103058
gdb_106312,CC1C2C(O)CC12CO,-0.2471,0.0676,0.3147,-424.179491,8.563423251612424
gdb_106363,CC1=CC2(CO)CC1O2,-0.2288,0.007,0.2359,-422.972179,6.419166015428569
gdb_106409,COC12CC(C1)C2(C)O,-0.2455,0.0766,0.3221,-424.15727,8.764787509832734
gdb_106454,OCC12CC(C1)C2C=O,-0.2378,-0.0149,0.2228,-422.966126,6.062696855606126
gdb_106463,CCC12CC(C1)C=CC2,-0.2294,0.0246,0.2539,-351.152983,6.908970967856353
gdb_106518,CCC12CC(COC1)O2,-0.2308,0.0848,0.3156,-424.206102,8.587913499233812
gdb_106528,OCC12CC(CCC1)O2,-0.2397,0.0771,0.3168,-424.21364,8.620567162729
gdb_106595,CCC12CC(CC)(C1)C2,-0.2788,0.0903,0.3691,-352.316904,10.04372266339417
gdb_106671,CC1OC2(CO)CC12C,-0.2329,0.0662,0.2992,-424.180908,8.14164676479961
gdb_106798,CC12CC1(CO)COC2,-0.2469,0.0695,0.3164,-424.206733,8.609682608230603
gdb_106849,CCC12CCC1(N2)C#C,-0.237,0.0332,0.2702,-365.938911,7.352516563665957
gdb_106860,COC12CC1(OC2)C#N,-0.2417,-0.0072,0.2345,-437.822455,6.381070074684185
gdb_106941,OCC12CC1C(=O)CO2,-0.2448,-0.027,0.2178,-458.951368,5.926639924376186
gdb_106957,CC1(C)CC2(CO)CN12,-0.2327,0.0664,0.2991,-404.29776,8.13892562617501
gdb_106964,CCC12CC(C)(C)C1O2,-0.2425,0.0864,0.3288,-388.26295,8.947103797680853
gdb_107075,CCC12CC(C#N)C1N2,-0.2697,0.023,0.2926,-382.043501,7.962051615576089
gdb_107120,CC12OC1C1(CO)NC21,-0.2242,0.0533,0.2774,-438.970364,7.5484385446370705
gdb_107161,OCC12CC3(CN3)C1N2,-0.2419,0.0707,0.3126,-419.117861,8.506279340495848
gdb_107285,CCC12OC1C1COC21,-0.2391,0.054,0.2931,-422.948972,7.975657308699083
gdb_107346,OCC12CC1N=COC2,-0.2364,0.0139,0.2502,-439.065406,6.808288838746197
gdb_107360,CCC12CC1OC(=O)C2,-0.2678,0.0106,0.2784,-423.056374,7.575649930883058
gdb_107434,COC12CC1CC1NC21,-0.2302,0.0716,0.3018,-403.093291,8.212396369039178
gdb_107459,CC1(C)OC2CC12CO,-0.2331,0.0669,0.3,-424.177999,8.1634158737964
gdb_107461,CC1(O)CC2NC12CO,-0.2272,0.0604,0.2876,-440.224325,7.825994684346149
gdb_107493,OCC12CC1CC21CO1,-0.2532,0.0804,0.3336,-422.960381,9.077718451661596
gdb_107516,CCC12NC1CC2C#N,-0.2431,0.0311,0.2742,-382.038465,7.461362108649909
gdb_107530,OCC12CC1OC2C#C,-0.2427,0.0169,0.2596,-421.723623,7.064075869458485
gdb_107538,CCC12CC1CC2C=O,-0.236,-0.0224,0.2135,-387.066422,5.809630963518438
gdb_107556,CC1=CCN2CC12CO,-0.2181,0.0195,0.2376,-403.120181,6.465425372046749
gdb_107598,COC12CC1OCC2=O,-0.2326,-0.0284,0.2042,-458.936146,5.556565071430749
gdb_107676,OCC12CC1CCCO2,-0.2326,0.0769,0.3095,-424.203668,8.421924043133286
gdb_107750,CCC12CC3C(O1)C23O,-0.2297,0.0648,0.2945,-422.949419,8.013753249443464
gdb_107829,COC12CN3C(CC1)C23,-0.2181,0.079,0.2972,-403.090938,8.087223992307633
gdb_107866,COC12CN3C1C(=O)C23,-0.2545,-0.0179,0.2366,-437.777181,6.43821398580076
gdb_107875,CCC12CC3C1C(C)C23,-0.275,0.0901,0.3651,-351.080739,9.934877118410219
gdb_107933,CC12CC3(CO)CN1C23,-0.228,0.0614,0.2895,-403.071256,7.877696318213525
gdb_108022,CCC12CC3C4C3N1C24,-0.2193,0.0763,0.2956,-365.954909,8.043685774314051
gdb_108088,CCC12OC3CC1C23C,-0.2209,0.0891,0.31,-387.02954,8.43552973625628
gdb_108113,OCC12OC3CC1C2C3,-0.2379,0.0848,0.3227,-423.016197,8.781114341580327
gdb_108159,COC12CN=C3OC1C23,-0.2232,-0.0537,0.1696,-437.717487,4.615051107319565
gdb_108163,OCC12CN=C3OC1C23,-0.2232,-0.0603,0.1629,-437.72378,4.432734819471444
gdb_108242,OCC12CCC1(O)C2O,-0.2424,0.0484,0.2908,-460.105445,7.91307112033331
gdb_108303,OCC12COC1C(=O)O2,-0.2664,-0.0207,0.2457,-494.873361,6.6858376006392515
gdb_108305,CC1CC2(CO)COC12,-0.239,0.06,0.299,-424.178445,8.136204487550412
gdb_108334,CCC12COC1C1CN21,-0.2305,0.0493,0.2798,-403.062851,7.613745871627442
gdb_108356,OCC12COC1C1NC21,-0.2254,0.063,0.2884,-438.979972,7.8477637933429385
gdb_108458,OCC12NCC1OC2=O,-0.2414,-0.0014,0.24,-474.993626,6.530732699037119
gdb_108471,CCC12CCC1CC2C,-0.2532,0.0756,0.3289,-352.33301,8.949824936305454
gdb_108475,CCC12COC1CC2O,-0.2447,0.0652,0.3099,-424.18228,8.43280859763168
gdb_108482,COC12CCC1CC2O,-0.2299,0.0634,0.2934,-424.177452,7.983820724572879
gdb_108487,OCC12CCN1CC2O,-0.2125,0.0507,0.2632,-440.217819,7.162036859944041
gdb_108493,CCC12OCC1CC=C2,-0.2362,0.0149,0.251,-387.083433,6.830057947742988
gdb_108702,CCC1=C2CCC2OC1,-0.2192,0.0137,0.2329,-387.060111,6.337531856690605
gdb_108754,CC1NC(=O)C=C1CO,-0.2359,-0.0192,0.2167,-439.121501,5.896707399505599
gdb_108814,OCC1=CC(O)C(=O)N1,-0.2295,-0.0221,0.2074,-475.041714,5.643641507417911
gdb_108819,CC1OC(CO)=NC1C,-0.2522,0.021,0.2732,-440.301313,7.434150722403921
gdb_108827,CC1C=C(CO)C2CC12,-0.2159,0.0303,0.2462,-387.075989,6.699443293762245
gdb_108855,CC1CC(O)C(CO)=C1,-0.242,0.0162,0.2582,-424.22534,7.025979928714101
gdb_108874,CCC1=NC(C)CCO1,-0.2372,0.0306,0.2677,-404.374716,7.284488098050987
gdb_108968,OCC1=CC2C3CC1C23,-0.208,0.0271,0.2351,-385.844884,6.397396906431779
gdb_108989,CCC1=CC2CC1(O)C2,-0.2169,0.0185,0.2354,-387.055801,6.405560322305575
gdb_109020,CCC1=CC2OC2(C)C1,-0.2318,0.0085,0.2403,-387.087257,6.538896114910917
gdb_109089,OCC1=NC2CCC2N1,-0.2243,0.0233,0.2476,-419.19943,6.737539234506628
gdb_109167,CCC1=CCC(O)C1C,-0.2337,0.0239,0.2576,-388.302917,7.009653096966509
gdb_109181,OCC1=NCC(O)CN1,-0.2284,0.0304,0.2588,-456.343546,7.042306760461694
gdb_109220,CCC1=CCC2(C1)CC2,-0.2241,0.0345,0.2586,-351.155937,7.036864483212496
gdb_109266,OCC1=CCC2OCC12,-0.2323,0.0262,0.2584,-423.002641,7.0314222059633
gdb_109323,CCC1=CCOC1C#N,-0.2583,-0.0054,0.2529,-401.957415,6.881759581610365
gdb_109461,OCC1C(=O)CC11CN1,-0.2513,-0.0368,0.2145,-439.04494,5.836842349764425
gdb_109470,CCN1C(=CCC1=O)C,-0.2024,0.0066,0.209,-403.201024,5.687179725411491
gdb_109491,CNC1C(=O)COC1=N,-0.2332,-0.0469,0.1863,-455.149335,5.069481257627564
gdb_109515,COC1C(C#C)C1(C)O,-0.2248,0.0477,0.2725,-422.953469,7.41510275203173
gdb_109543,CC1C(CO)C(O)C1=O,-0.2563,-0.0335,0.2228,-460.152547,6.062696855606126
gdb_109573,COC1C(C)N(C)C1=O,-0.2284,0.0278,0.2562,-440.288164,6.971557156222125
gdb_109596,CC1(C#C)C(O)C1CO,-0.2329,0.0379,0.2708,-422.958574,7.36884339541355
gdb_109615,CCC1C(O)C1(O)C#N,-0.2568,0.0103,0.2671,-439.064559,7.2681612663033945
gdb_109627,CNC1C(O)C1(C)C#N,-0.2277,0.0334,0.261,-419.181135,7.102171810202868
gdb_109642,COC1C(O)C1(O)C#N,-0.2661,-0.002,0.2641,-474.974391,7.18652710756543
gdb_109704,CCC1C(O)C11CCO1,-0.2152,0.0593,0.2745,-424.175491,7.469525524523706
gdb_109827,OCC1C(O)C1CC#N,-0.2669,0.0279,0.2948,-439.061129,8.021916665317262
gdb_109839,CCC1C(O)C1NC=O,-0.2319,0.0329,0.2648,-440.280173,7.205575077937621
gdb_109902,OCC1C(O)C2CCN12,-0.2141,0.0504,0.2644,-440.209664,7.1946905234392275
gdb_109906,CCC1C(C)C=CC1=O,-0.2324,-0.0428,0.1897,-387.125706,5.161999970863923
gdb_109949,CN1CC2(CO2)C1CO,-0.225,0.0683,0.2933,-440.216139,7.9810995859482805
gdb_110031,CCN1C(C)COC1=O,-0.2412,0.0576,0.2988,-440.336051,8.130762210301214
gdb_110145,CCN1C(CO)C1CO,-0.2263,0.052,0.2782,-441.42299,7.570207653633862
gdb_110235,CCC1C2C(=O)OC12C,-0.2682,0.0048,0.273,-423.029939,7.428708445154724
gdb_110255,CC1C2C(C)C1C2CO,-0.2595,0.0774,0.3369,-388.212286,9.167516026273356
gdb_110345,OCC1C2C(O)C(=N)N12,-0.2547,-0.0116,0.2432,-455.071668,6.617809135024281
gdb_110391,CCN1C2C3C(C)C2C13,-0.2083,0.0853,0.2936,-367.108403,7.989263001822077
gdb_110413,CCC1C2C3C1CC23O,-0.2389,0.0802,0.3191,-387.029561,8.68315335109477
gdb_110554,OCC1C2CC3C(C2)N13,-0.2479,0.0891,0.3369,-403.134119,9.167516026273356
gdb_110599,CC12CC1C1C(CO)N21,-0.2162,0.0642,0.2804,-403.035819,7.630072703375035
gdb_110660,OCC1C2C3CC=C1C23,-0.2159,-0.0367,0.1793,-385.770968,4.879001553905648
gdb_110701,COC1C2C=CC(C)C12,-0.2174,0.0219,0.2393,-387.064645,6.511684728664928
gdb_110705,CCN1C2C=CC1C2=O,-0.2372,0.0004,0.2376,-401.904759,6.465425372046749
gdb_110712,CCN1C2C=CC1C2O,-0.1947,0.0142,0.2089,-403.06939,5.684458586786893
gdb_110772,CCC1C2CC(=O)CN12,-0.2246,-0.0227,0.2019,-403.143428,5.493978883064977
gdb_110818,OCC1C2CC(C#N)C12,-0.2684,0.0259,0.2943,-401.912895,8.008310972194268
gdb_110865,COC1C2CC(C)C12C,-0.231,0.0787,0.3097,-388.247681,8.427366320382482
gdb_111124,COC1C2NC1C1OC21,-0.2329,0.0728,0.3057,-438.984294,8.318520775398532
gdb_111139,CCC1C2CC1C2(C)C,-0.2797,0.0921,0.3718,-352.295967,10.11719340625834
gdb_111146,COC1C2NC1C2(C)O,-0.2314,0.0622,0.2936,-440.178252,7.989263001822077
gdb_111175,CCC1C2CN1C2C#C,-0.2293,0.0263,0.2555,-365.887115,6.952509185849934
gdb_111221,OCC1C2CC1C2CO,-0.256,0.0707,0.3267,-424.141469,8.889959886564279
gdb_111257,CC12OC1C(CO)C2=O,-0.2477,-0.0365,0.2112,-458.926155,5.747044775152665
gdb_111368,CNC1C2CN2C1C#N,-0.2371,0.0072,0.2443,-398.067589,6.6477416598948675
gdb_111405,OCC1C2OC2C1C=O,-0.2483,-0.0418,0.2066,-458.911737,5.621872398421121
gdb_111467,CCC1C2NC2CC1=O,-0.2354,-0.0131,0.2223,-403.152021,6.0490911624831325
gdb_111539,CC12C3CC(C13)C2CO,-0.2389,0.0643,0.3032,-387.027346,8.250492309783562
gdb_111557,OCC1C2CC3C2C13O,-0.2233,0.0602,0.2835,-422.950734,7.714428000737597
gdb_111602,OCC1C2CC3CN2C13,-0.2303,0.062,0.2923,-403.07483,7.953888199702292
gdb_111701,CCC1C2CNC12C#N,-0.2349,0.0058,0.2407,-382.031189,6.549780669409311
gdb_111769,COC1C2NCC12OC,-0.2124,0.0723,0.2847,-440.189691,7.747081664232783
gdb_111783,CC1C2CCC1C2CO,-0.2596,0.0783,0.338,-388.267164,9.197448551143944
gdb_111968,COC1C=CN(C)C1=O,-0.2154,-0.0165,0.1989,-439.097041,5.412344724327013
gdb_112016,COC1C=CC2OC12C,-0.2453,-0.0069,0.2384,-422.989743,6.487194481043539
gdb_112020,COC1C=CC2CC1C2,-0.2373,0.012,0.2492,-387.064082,6.7810774525002095
gdb_112110,OCC1C=CCOC1=N,-0.2458,0.001,0.2468,-439.089534,6.715770125509838
gdb_112201,CCN1CC(=O)C12CC2,-0.2181,-0.021,0.1971,-403.117946,5.363364229084235
gdb_112226,CCN1CC(=O)C1C#N,-0.2574,-0.0499,0.2074,-417.996956,5.643641507417911
gdb_112258,CCC1CC(=O)C1OC,-0.2256,-0.0241,0.2014,-424.214713,5.480373189941983
gdb_112274,CNC1C(CO)OC1=N,-0.2353,0.0164,0.2517,-456.309336,6.849105918115178
gdb_112302,CCC1OC(=O)C2OC12,-0.2644,-0.014,0.2504,-458.977216,6.813731115995395
gdb_112329,OCC1OC(=N)C2OC12,-0.2642,-0.0044,0.2598,-474.998896,7.069518146707681
gdb_112447,COC1OC(=N)OC1C,-0.2532,0.0549,0.3081,-476.236103,8.383828102388902
gdb_112479,CCC1OC(=NC)C1C,-0.243,0.0349,0.278,-404.348487,7.564765376384664
gdb_112482,CN=C1NC(CO)C1O,-0.2326,0.0148,0.2474,-456.30649,6.732096957257431
gdb_112685,COC1CC(O)C(=O)C1,-0.2521,-0.0307,0.2213,-460.170088,6.021879776237144
gdb_112695,CC1CC(CO)C=C1C,-0.2295,0.0242,0.2537,-388.300878,6.903528690607155
gdb_112732,COC1CC(C)C1(C)C,-0.242,0.0813,0.3233,-389.473731,8.79744117332792
gdb_112791,CCC1CC(C)N1C=O,-0.2391,0.0226,0.2617,-404.365228,7.121219780575059
gdb_112845,COC1CC(C)C2NC12,-0.2305,0.0761,0.3067,-404.318087,8.345732161644518
gdb_112884,CCN1CC(C)NC1=O,-0.228,0.0655,0.2935,-420.460348,7.986541863197477
gdb_112887,CN1CC(CO)C(=O)C1,-0.2186,-0.0328,0.1858,-440.281226,5.05587556450457
gdb_112982,OCC1CC(O1)C1CC1,-0.2452,0.0728,0.318,-424.182556,8.653220826224183
gdb_112987,CCC1CN(C=O)C1=O,-0.2541,-0.0373,0.2168,-439.123347,5.899428538130198
gdb_113014,CCC1CC(C=O)C=C1,-0.2414,-0.0251,0.2162,-387.10788,5.883101706382606
gdb_113021,OCC1CC(C=O)C=C1,-0.2419,-0.0257,0.2162,-423.029608,5.883101706382606
gdb_113056,CCC1CC(OC)C1=O,-0.2232,-0.0243,0.1989,-424.21629,5.412344724327013
gdb_113070,CC1C(CO)OC1CO,-0.2512,0.0511,0.3023,-461.324832,8.226002062162172
gdb_113153,CC(=O)C1(C)CC1CO,-0.2417,-0.0139,0.2278,-424.221837,6.1987537868360665
gdb_113211,CC1(OC1CO)C1CC1,-0.2557,0.0798,0.3355,-424.178824,9.129420085528974
gdb_113235,CC1(CC#C)CC1CO,-0.2582,0.0504,0.3085,-387.027949,8.394712656887297
gdb_113293,CCC1CC1(C=O)C=O,-0.2533,-0.0448,0.2085,-423.033856,5.6735740322884975
gdb_113305,CCC1(NC1CO)C#C,-0.2416,0.0312,0.2728,-403.076224,7.423266167905526
gdb_113309,CCC1CC1(CC)C#C,-0.2357,0.0572,0.2928,-351.110348,7.967493892825286
gdb_113390,CCN1CC1(CO)CO,-0.2268,0.0543,0.281,-441.432407,7.646399535122629
gdb_113398,CCC1CC11C2CC1O2,-0.2298,0.0848,0.3146,-386.990194,8.560702112987824
gdb_113427,OCC1CC11CC(=O)N1,-0.2382,0.038,0.2762,-439.071385,7.515784881141886
gdb_113542,CCC1CC11CCC1C,-0.2558,0.0888,0.3445,-352.333236,9.374322561742865
gdb_113570,COC1CC11OCC=C1,-0.2102,0.0149,0.2251,-422.98188,6.125283043971899
gdb_113657,CCC(=O)C1OC1CO,-0.2526,-0.029,0.2237,-460.141783,6.0871871032275155
gdb_113693,OCC1NC1C(=O)CO,-0.2622,-0.0388,0.2234,-476.184888,6.079023687353718
gdb_113734,CCN1CC1C(C)C#C,-0.2182,0.0498,0.268,-367.137632,7.292651513924784
gdb_113785,CCC1CN1C1(C)CC1,-0.2095,0.083,0.2925,-368.353884,7.959330476951489
gdb_113797,COC1CC1C1(C)CC1,-0.2411,0.0848,0.3259,-388.240695,8.86819077756749
gdb_113811,CC1OC1C1NC1CO,-0.2486,0.0616,0.3102,-440.218555,8.440972013505476
gdb_113819,CCC1CN1C1CC1O,-0.2226,0.0813,0.3039,-404.287606,8.269540280155754
gdb_113875,CCC1CC1CC#CC,-0.2383,0.0645,0.3028,-351.114821,8.239607755285167
gdb_113882,CC(=O)CC1OC1CO,-0.253,-0.019,0.234,-460.143555,6.367464381561192
gdb_113948,CCN1CC1CC1CO1,-0.2201,0.0933,0.3134,-404.282838,8.528048449492639
gdb_113952,COC1CC1CN1CC1,-0.2272,0.0886,0.3158,-404.27255,8.59335577648301
gdb_113957,OCC1CC1OC1CC1,-0.2451,0.0738,0.3189,-424.166292,8.677711073845574
gdb_114064,CCC1CC2(O)CC12O,-0.2196,0.0664,0.2859,-424.180977,7.779735327727969
gdb_114165,OCC1NC2(CC12)C#N,-0.2479,-0.0016,0.2463,-417.955909,6.702164432386844
gdb_114212,COC1CC2(CO2)C1C,-0.2514,0.0671,0.3185,-424.1747,8.666826519347177
gdb_114244,COC1CC2(CC2O)C1,-0.2417,0.0734,0.3151,-424.171711,8.574307806110818
gdb_114254,COC1CC2(CCO2)C1,-0.2376,0.0719,0.3095,-424.178765,8.421924043133286
gdb_114270,COC1CC23CN(C2)C13,-0.2065,0.0477,0.2542,-402.964256,6.917134383730149
gdb_114419,OCC1NC2C1NC2=O,-0.2359,0.0143,0.2502,-455.111534,6.808288838746197
gdb_114420,OCC1NC2C1OC2=N,-0.2485,0.0087,0.2572,-455.088255,6.998768542468113
gdb_114439,OCC1CC2C3C1CN23,-0.2228,0.0731,0.2959,-403.09487,8.051849190187848
gdb_114496,CCN1CC2NC(=O)C12,-0.2118,0.0179,0.2298,-419.18733,6.253176559328042
gdb_114553,COC1CC2CC1(C)C2,-0.245,0.0894,0.3344,-388.271945,9.099487560658385
gdb_114560,OCC1CN2CC1(O)C2,-0.2246,0.0639,0.2885,-440.228353,7.850484931967537
gdb_114575,CNC1CC2OC12C#N,-0.2348,-0.0031,0.2318,-417.955866,6.307599331820018
gdb_114577,COC1CC2CC12C#C,-0.2319,0.0392,0.2711,-385.809481,7.377006811287346
gdb_114599,CCC1CN2CC12C=O,-0.2455,-0.032,0.2135,-403.10864,5.809630963518438
gdb_114610,OCC1OC2CC12C=O,-0.2572,-0.0374,0.2198,-458.911805,5.981062696868162
gdb_114624,CCC1CC2OC12CC,-0.2426,0.0899,0.3325,-388.259081,9.04778592679101
gdb_114626,CCC1CN2CC12CO,-0.2362,0.072,0.3081,-404.294412,8.383828102388902
gdb_114643,CCC1CC2NC1C2=O,-0.2407,-0.0101,0.2305,-403.12966,6.272224529700234
gdb_114647,COC1CC2CC1C2=O,-0.2329,-0.001,0.2319,-423.010008,6.3103204704446165
gdb_114672,OCC1OC2CC1C2O,-0.2397,0.0611,0.3008,-460.114928,8.18518498279319
gdb_114696,CCC1CC2OC2(C)C1,-0.2503,0.0885,0.3388,-388.294837,9.219217660140734
gdb_114776,CCC1OC2CN3C2C13,-0.2297,0.0796,0.3093,-403.093625,8.416481765884088
gdb_114798,OCC1CC2CC=CC12,-0.2395,0.018,0.2575,-387.077561,7.00693195834191
gdb_114888,CCC1CC2CCOC12,-0.238,0.0768,0.3148,-388.28572,8.566144390237023
gdb_114946,OCC1CC=C(C1)C=O,-0.2472,-0.0524,0.1948,-423.041242,5.300778040718463
gdb_114990,CC1OC(CO)CC=C1,-0.2488,0.0166,0.2655,-424.227265,7.224623048309814
gdb_115019,OCC1CC=CC11CO1,-0.2412,0.0112,0.2523,-422.999298,6.865432749862773
gdb_115076,COC1CC=CC=CC1,-0.2135,-0.0204,0.1931,-387.08406,5.254518684100282
gdb_115091,OCC1CC=CCC1=O,-0.2454,-0.0269,0.2185,-423.050503,5.945687894748378
gdb_115359,CC1COC(CO)C=C1,-0.2471,0.0138,0.261,-424.222389,7.102171810202868
gdb_115379,CCC1CCC(C)CC1,-0.2826,0.0784,0.361,-353.583364,9.823310434801668
gdb_115458,OCC1CCC(C1)C=O,-0.2462,-0.0167,0.2295,-424.235445,6.245013143454246
gdb_115548,COC1CCC1(C)C#N,-0.2647,0.0331,0.2978,-403.138745,8.103550824055226
gdb_115709,CC(O)C1OCC1CO,-0.2404,0.0653,0.3056,-461.321819,8.315799636773932
gdb_115738,OCC1CCC1N1CC1,-0.2316,0.0771,0.3088,-404.285367,8.402876072761094
gdb_115747,CCC1CCN1CC#N,-0.2367,0.0239,0.2606,-383.25423,7.091287255704472
gdb_115789,CC12CC1C(CO)CO2,-0.2238,0.0738,0.2977,-424.204589,8.100829685430627
gdb_115874,CCC1CCC2OC12C,-0.2498,0.0856,0.3354,-388.29581,9.126698946904375
gdb_115913,CCC1CC2NC2CO1,-0.2395,0.071,0.3106,-404.326058,8.451856568003873
gdb_115961,OCC1CCC2CCC12,-0.2604,0.0766,0.337,-388.281821,9.170237164897957
gdb_116064,CCC1CC(=O)OCO1,-0.2654,0.0072,0.2725,-460.199313,7.41510275203173
gdb_116067,CCC1CCCC(=O)N1,-0.233,0.0338,0.2669,-404.402314,7.262718989054197
gdb_116284,OCC1CCCN1C=O,-0.2317,0.0356,0.2673,-440.309356,7.273603543552592
gdb_116298,CCC1OCCC1CO,-0.2444,0.0764,0.3209,-425.421675,8.732133846337549
gdb_116341,OCC1CCOC2CC12,-0.2374,0.0756,0.3129,-424.199142,8.514442756369645
gdb_116364,CCC1CCOC=NC1,-0.2359,0.0228,0.2588,-404.350361,7.042306760461694
gdb_116392,CCC1OCCCC1=O,-0.2296,-0.0198,0.2098,-424.249864,5.7089488344082815
gdb_116511,C1CCCC(CC1)CO,-0.2623,0.0781,0.3404,-389.49547,9.262755878134314
gdb_116576,CCN=C1CC2CC2O1,-0.2378,0.0268,0.2646,-403.145499,7.200132800688425
gdb_116594,CCN=C1NC(=N)CO1,-0.2364,0.0073,0.2436,-435.291112,6.6286936895226765
gdb_116632,CCN=C1OCCC1O,-0.2542,0.0223,0.2765,-440.295875,7.523948297015682
gdb_116655,COC=NC(C)C1CN1,-0.2376,0.017,0.2546,-420.359613,6.928018938228544
gdb_116660,CNC=NC(C=O)C#N,-0.2384,-0.0362,0.2021,-434.068475,5.499421160314174
gdb_116731,CCC#CCN=COC,-0.2409,0.0254,0.2662,-403.103887,7.243671018682005
gdb_116886,OCCC#CC(O)C=O,-0.2572,-0.0431,0.2141,-458.917124,5.825957795266031
gdb_116919,CCCC#CC1CN1C,-0.218,0.0409,0.2589,-367.150205,7.045027899086294
gdb_116960,COCC#CCC1CN1,-0.2455,0.036,0.2815,-403.061063,7.660005228245621
gdb_116979,COCC#CCOC=N,-0.2609,0.0135,0.2744,-439.015341,7.466804385899106
gdb_116991,CCOC(=O)C#CC#C,-0.2625,-0.0675,0.1951,-420.591565,5.308941456592258
gdb_117012,CCOC(=N)C#CCO,-0.253,-0.0173,0.2357,-439.041716,6.413723738179371
gdb_117036,COCC(=O)C(=O)C=O,-0.2478,-0.1304,0.1174,-494.883045,3.1946167452789913
gdb_117062,CCC(=O)C(=O)OCC,-0.2487,-0.0667,0.1819,-460.205422,4.949751158145217
gdb_117131,CCNC(=O)C(C)C=O,-0.2489,-0.0439,0.205,-440.326902,5.5783341804275395
gdb_117210,COCC(=O)C1(C)CO1,-0.2472,-0.0238,0.2234,-460.131043,6.079023687353718
gdb_117223,CCNC(=O)C1CC1C,-0.2412,0.0324,0.2735,-404.371755,7.442314138277719
gdb_117303,CCOC(=N)CC(N)=O,-0.2492,0.0179,0.2671,-456.382511,7.2681612663033945
gdb_117344,CCOC(=O)CC(C)C,-0.2651,0.0197,0.2848,-425.469804,7.749802802857382
gdb_117418,CCNC(=O)OCC#N,-0.269,0.0066,0.2755,-455.186721,7.496736910769695
gdb_117627,COCC(C)(O)C#CC,-0.247,0.0422,0.2892,-424.177951,7.86953290233973
gdb_117710,COCC(C)(C)OC=N,-0.2557,0.0289,0.2846,-441.465145,7.744360525608185
gdb_117732,CCCC(O)(C=O)C#C,-0.2547,-0.04,0.2147,-422.986298,5.8422846270136235
gdb_117735,CCOC(C)(C=O)C#C,-0.2456,-0.0404,0.2052,-422.9774,5.583776457676737
gdb_117771,CCCC(N)(CC)C#N,-0.2582,0.0326,0.2909,-384.479804,7.915792258957909
gdb_117790,CNCC(C)(OC)C#N,-0.2338,0.0191,0.2529,-420.386965,6.881759581610365
gdb_117794,COC(C)(CCO)C#C,-0.2576,0.0394,0.2969,-424.161302,8.079060576433838
gdb_117807,NCC(O)(CCO)C#N,-0.2411,0.0272,0.2683,-456.334908,7.300814929798579
gdb_117821,CCOC(C)(CO)C=O,-0.2383,-0.0249,0.2135,-461.347352,5.809630963518438
gdb_117848,CCOC(C)(CO)CO,-0.2437,0.0554,0.2991,-462.534564,8.13892562617501
gdb_117876,CCCC(C)C#CC=O,-0.2613,-0.0561,0.2052,-387.069524,5.583776457676737
gdb_117898,CCCC(C)C(=O)C#C,-0.2595,-0.0552,0.2042,-387.069016,5.556565071430749
gdb_117942,CCCC(O)C(=O)NC,-0.2535,0.0233,0.2768,-441.51553,7.532111712889478
gdb_118017,COCC(C)C(O)C#N,-0.265,0.0092,0.2742,-440.271317,7.461362108649909
gdb_118107,OCCC(O)C1(O)CC1,-0.2553,0.0622,0.3176,-461.324798,8.642336271725789
gdb_118137,COCC(O)C1CC1O,-0.2273,0.0646,0.2919,-461.308398,7.943003645203897
gdb_118210,COCC(O)CC(C)=O,-0.2371,-0.0055,0.2315,-461.36054,6.299435915946222
gdb_118224,CCCC(O)CC(C)O,-0.2567,0.0658,0.3226,-426.623959,8.778393202955728
gdb_118289,CCCC(C)COC=O,-0.2763,0.01,0.2862,-425.449703,7.787898743601765
gdb_118295,CCOC(C)CNC=O,-0.2462,0.0372,0.2834,-441.502658,7.711706862112998
gdb_118310,CCN=C(C=O)OCC,-0.2396,-0.0705,0.1691,-440.286331,4.60144541419657
gdb_118332,COCC(C=O)C(C)=O,-0.2536,-0.0488,0.2048,-460.167185,5.572891903178342
gdb_118398,OCCC(CC#C)C=O,-0.2519,-0.0266,0.2253,-422.981826,6.130725321221096
gdb_118507,COCC(CO)C1CO1,-0.2516,0.0769,0.3284,-461.307237,8.93621924318246
gdb_118518,CCC(COC)CC#C,-0.2555,0.0529,0.3084,-388.238962,8.3919915182627
gdb_118561,COCC(CO)OC=N,-0.2464,0.0349,0.2813,-477.384658,7.654562950996424
gdb_118660,COCC(COC)C#C,-0.2517,0.0569,0.3086,-424.150601,8.397433795511896
gdb_118666,CCCC(COC)C=O,-0.2437,-0.0156,0.2281,-425.418871,6.206917202709863
gdb_118680,CC1C(O)C1(O)CCO,-0.2329,0.0545,0.2874,-461.324773,7.820552407096951
gdb_118689,CCOC1(C)C(C)C1C,-0.2321,0.0795,0.3116,-389.472265,8.47906795424986
gdb_118698,COCC1(O)C(O)C1O,-0.2355,0.0492,0.2848,-497.236854,7.749802802857382
gdb_118710,COCC1(C)C2CN1C2,-0.2244,0.0749,0.2993,-404.235785,8.14436790342421
gdb_118718,CCCC1(C)C2CCC12,-0.2452,0.0853,0.3305,-352.325758,8.993363154299034
gdb_118734,CC1(CCO)CC(=O)O1,-0.2717,0.0107,0.2824,-460.183776,7.684495475867011
gdb_118746,C1C(=O)CC1(CCO)O,-0.233,-0.0149,0.2181,-460.156959,5.9348033402499825
gdb_118791,CC1(CCO)OC1C#C,-0.2545,0.0187,0.2732,-422.957907,7.434150722403921
gdb_118829,OCCC1(O)CC1C=O,-0.2433,-0.0222,0.2212,-460.134804,6.019158637612546
gdb_118970,COCC1(C)COC1C,-0.2402,0.0794,0.3196,-425.391423,8.696759044217764
gdb_118999,CCCC1(C)COCO1,-0.25,0.0831,0.3331,-425.428121,9.064112758538602
gdb_119031,C1CC1(CCO)CC#N,-0.2723,0.0313,0.3036,-403.135553,8.261376864281957
gdb_119098,OCCC1(CO)CCO1,-0.2478,0.0681,0.3159,-461.323008,8.59607691510761
gdb_119110,CC(=O)C1(CC1)CCO,-0.2416,-0.0103,0.2313,-424.220221,6.2939936386970246
gdb_119130,COCC1(CO1)C(N)=O,-0.2425,0.0132,0.2557,-476.206952,6.957951463099131
gdb_119136,[NH3+]CCC1(CO1)C([O-])=O,-0.2407,0.014,0.2547,-476.221905,6.930740076853143
gdb_119141,CC(O)C1(CCO)CO1,-0.2616,0.0745,0.3361,-461.322584,9.145746917276567
gdb_119176,OCCC1(CC1)C1OC1,-0.2615,0.0769,0.3384,-424.166999,9.208333105642339
gdb_119283,CCCC1(COC1)C#C,-0.2514,0.0409,0.2923,-387.028013,7.953888199702292
gdb_119308,C1C(CN1)(CCO)C#N,-0.2445,0.0238,0.2683,-419.176506,7.300814929798579
gdb_119313,CCCC1(COC1)C=O,-0.2538,-0.0295,0.2244,-424.205727,6.106235073599707
gdb_119316,CCOC1(COC1)C=O,-0.2499,-0.0404,0.2095,-460.124955,5.700785418534486
gdb_119321,OCCC1(CCO1)C=O,-0.2467,-0.0357,0.211,-460.132332,5.741602497903467
gdb_119343,COCC12C3CC1CN23,-0.2341,0.0812,0.3154,-403.057806,8.582471221984616
gdb_119364,CCOC12CC(C1)C2=O,-0.2275,0.0092,0.2367,-422.980851,6.440935124425359
gdb_119424,CCOC12CC1(O)CC2,-0.2212,0.0786,0.2998,-424.17484,8.157973596547203
gdb_119454,OCCC12CC1C(=O)O2,-0.2702,0.0002,0.2704,-458.946486,7.357958840915154
gdb_119490,CCCC12OC1C1CC21,-0.2254,0.0689,0.2944,-387.011019,8.011032110818867
gdb_119493,CCOC12CC1C1CC21,-0.2079,0.0871,0.295,-386.999245,8.02735894256646
gdb_119546,CCOC12CC1OC2=O,-0.2595,-0.0023,0.2572,-458.935762,6.998768542468113
gdb_119560,OCCC12OC1CC2=O,-0.2442,-0.0281,0.2162,-458.922078,5.883101706382606
gdb_119567,CCCC12CC1CC2O,-0.2437,0.0751,0.3187,-388.258065,8.672268796596375
gdb_119595,COCC12CC1OC=N2,-0.2438,0.0113,0.2552,-439.054146,6.944345769976137
gdb_119650,CCCC12CC3C1CN23,-0.2254,0.0923,0.3177,-367.114694,8.645057410350386
gdb_119675,OCCC12NC3C1OC23,-0.237,0.0537,0.2907,-438.947397,7.910349981708712
gdb_119716,COCC12CCC1C2C,-0.2378,0.0886,0.3264,-388.242742,8.881796470690484
gdb_119742,OCCC12CNC1CO2,-0.2249,0.0649,0.2899,-440.216399,7.888580872711921
gdb_119753,CCCC1=CC(=O)OC1,-0.2628,-0.0368,0.226,-423.078067,6.149773291593288
gdb_119773,CCCC1=NC(C)CO1,-0.2391,0.0329,0.272,-404.376158,7.4014970589087365
gdb_119817,COCC1=CCC(=O)N1,-0.2133,-0.0008,0.2125,-439.111835,5.782419577272449
gdb_119823,C1C=C(NC1=O)CCO,-0.2125,0.0014,0.214,-439.120476,5.8232366566414315
gdb_119839,OCCC1=CCC(O)C1,-0.2378,0.0215,0.2592,-424.223137,7.053191314960089
gdb_119884,CCCC1=CCCOC1,-0.2329,0.0266,0.2595,-388.29635,7.0613547308338855
gdb_119928,CCCN1C(C)C1C#C,-0.2206,0.0368,0.2574,-367.143827,7.004210819717311
gdb_120006,CCCC1C(C)OC1=N,-0.2581,0.0305,0.2887,-404.354688,7.855927209216736
gdb_120010,CCCN1C(C)CC1=O,-0.2373,0.0386,0.2759,-404.376282,7.507621465268088
gdb_120080,OCCC1C2C3CC2N13,-0.23,0.078,0.308,-403.030464,8.381106963764303
gdb_120186,OCCN1C2CC1C2=O,-0.2426,0.0085,0.2511,-439.00538,6.832779086367586
gdb_120201,COCC1C2CC1C2O,-0.2527,0.0721,0.3248,-424.142404,8.838258252696901
gdb_120203,COCC1C2OC1C2C,-0.235,0.0852,0.3202,-424.130598,8.713085875965357
gdb_120234,CCCC1N2CC2C1=O,-0.2407,-0.022,0.2187,-403.114888,5.951130171997575
gdb_120308,CCOC1C2OCC12C,-0.2224,0.0705,0.2928,-424.164743,7.967493892825286
gdb_120489,CCOC1CC(O)C1O,-0.2444,0.059,0.3034,-461.332107,8.255934587032758
gdb_120499,CC1OC(CCO)C=C1,-0.2328,0.0163,0.249,-424.21943,6.775635175251011
gdb_120595,COCC1NC1(C)C#C,-0.2395,0.0366,0.2761,-403.065819,7.513063742517287
gdb_120776,OCCC1CC1N1CC1,-0.2322,0.0817,0.3139,-404.281268,8.541654142615632
gdb_120815,CCCC1CC1CC=O,-0.2434,-0.0179,0.2256,-388.28311,6.138888737094892
gdb_120817,CCCC1CC1OC=O,-0.2735,0.0033,0.2768,-424.227555,7.532111712889478
gdb_120859,COCC1NC1COC,-0.2489,0.0804,0.3293,-441.415221,8.960709490803847
gdb_120890,CCCC1CC2(CO2)C1,-0.2563,0.0771,0.3334,-388.257844,9.072276174412398
gdb_120949,CCOC1CC2CC1C2,-0.2425,0.0926,0.3351,-388.270491,9.11853553103058
gdb_120981,CCCC1OC2COC12,-0.2455,0.0627,0.3082,-424.177937,8.386549241013501
gdb_120987,COCC1CC2CCC12,-0.2496,0.0821,0.3317,-388.240496,9.026016817794218
gdb_121017,CC1C=CCC1CCO,-0.2362,0.0277,0.2639,-388.289391,7.181084830316234
gdb_121019,CCCC1CC=CC1C,-0.2344,0.0293,0.2637,-352.36905,7.175642553067035
gdb_121099,NC1=NC(CCO)CO1,-0.2241,0.0541,0.2782,-456.35317,7.570207653633862
gdb_121184,CCNC1CNC1C#N,-0.2288,0.0173,0.2461,-399.294703,6.696722155137647
gdb_121211,CCCC1OCC1C=O,-0.2483,-0.0328,0.2155,-424.208729,5.864053736010414
gdb_121238,CCOC1CCC1CC,-0.2414,0.0849,0.3263,-389.473003,8.879075332065883
gdb_121244,COC1COC1CCO,-0.2481,0.0692,0.3174,-461.31081,8.63689399447659
gdb_121259,CCOC1CCC2CC12,-0.2409,0.0844,0.3253,-388.280032,8.851863945819895
gdb_121294,CCOC1CC=CCO1,-0.2446,0.0225,0.2671,-424.224221,7.2681612663033945
gdb_121297,CCOC1COC=NC1,-0.2431,0.0251,0.2682,-440.279877,7.298093791173981
gdb_121315,CCCN1CCNC1=O,-0.2275,0.0658,0.2932,-420.455144,7.978378447323681
gdb_121354,CCCC1COCC1O,-0.2404,0.0681,0.3085,-425.421624,8.394712656887297
gdb_121405,COCC1CCCCC1,-0.2497,0.0891,0.3388,-389.499782,9.219217660140734
gdb_121486,CCCN=CNC(=O)C,-0.2421,-0.0084,0.2337,-420.443545,6.359300965687395
gdb_121608,C(CC(=O)C(=O)N)CO,-0.2411,-0.0622,0.1789,-476.257138,4.8681169994072535
gdb_121631,CCOCC(=O)C(C)C,-0.2314,-0.0146,0.2168,-425.432459,5.899428538130198
gdb_121691,CCCCC(=O)NC=O,-0.2488,-0.0274,0.2214,-440.334544,6.024600914861743
gdb_121724,C(COC(=O)CC=O)O,-0.2635,-0.0363,0.2272,-496.122156,6.182426955088474
gdb_121735,CCCCC(=O)NCC,-0.2397,0.0377,0.2775,-405.58794,7.5511596832616705
gdb_121779,CCOCC(C#C)C#N,-0.265,0.0109,0.276,-401.903038,7.510342603892688
gdb_121798,CC(O)(CCCO)C#N,-0.2744,0.0183,0.2927,-440.281521,7.964772754200688
gdb_121912,CCCCC(O)C(C)C,-0.2591,0.0685,0.3276,-390.696136,8.91445013418567
gdb_121913,CCCCC(O)C(C)O,-0.2558,0.0626,0.3184,-426.626414,8.66410538072258
gdb_121973,COCCC(O)CC#N,-0.2619,0.0267,0.2886,-440.27438,7.853206070592137
gdb_122028,COCCC(O)CCO,-0.2494,0.0685,0.3178,-462.530414,8.647778548974987
gdb_122037,CCCOC(C=O)C#N,-0.2809,-0.0582,0.2228,-439.079352,6.062696855606126
gdb_122050,CCCCN(C=O)C=O,-0.2508,-0.0353,0.2155,-440.319924,5.864053736010414
gdb_122079,CCCOC(CC)C#C,-0.2602,0.0408,0.301,-388.246707,8.190627260042387
gdb_122153,CC1(CC1O)OCCO,-0.249,0.0748,0.3237,-461.317741,8.808325727826315
gdb_122266,C1CC1(C#N)OCCO,-0.2757,0.0121,0.2878,-439.05588,7.8314369615953465
gdb_122297,CCCCC12CC1CC2,-0.2412,0.0873,0.3285,-352.329283,8.938940381807058
gdb_122338,CC1C(C)C1OCCO,-0.2427,0.0647,0.3074,-425.39074,8.364780132016712
gdb_122376,CCCCC1C2CCC12,-0.2464,0.0868,0.3332,-352.32401,9.066833897163201
gdb_122587,CCCCC1COC1=O,-0.2701,0.0104,0.2804,-424.252989,7.630072703375035
gdb_122592,CCCNC1COC1=O,-0.2369,0.0069,0.2438,-440.287891,6.634135966771874
gdb_122679,COCCC1CCCO1,-0.2414,0.0848,0.3262,-425.415018,8.876354193441285
gdb_122681,COCCC1COCO1,-0.2526,0.088,0.3407,-461.33688,9.270919294008111
gdb_122699,C1COC1=NCCCO,-0.2479,0.0302,0.2781,-440.260616,7.5674865150092625
gdb_122727,CCOCCC#CC#C,-0.2424,-0.0118,0.2305,-385.822502,6.272224529700234
gdb_122729,COCCCC#CC#C,-0.241,-0.0095,0.2315,-385.816542,6.299435915946222
gdb_122735,C(COCC#CC#N)O,-0.2772,-0.0566,0.2206,-437.837749,6.002831805864952
gdb_122737,CCCOCC#CC=O,-0.2674,-0.0616,0.2058,-422.98174,5.6001032894243306
gdb_122772,COCCOC(=N)C#C,-0.2564,-0.0255,0.2308,-439.026096,6.28038794557403
gdb_122816,CCC(=O)OCCOC,-0.2598,0.0213,0.2811,-461.379972,7.649120673747227
gdb_122853,COC(=O)CCCCO,-0.2641,0.0184,0.2825,-461.383678,7.687216614491609
gdb_122964,CCCCOC(C)CO,-0.252,0.0821,0.3341,-426.615116,9.09132414478459
gdb_122980,COCCOC(C)CO,-0.2516,0.0805,0.3322,-462.526803,9.039622510917214
gdb_123031,CN1CC1COCCO,-0.2299,0.0733,0.3031,-441.421113,8.247771171158963
gdb_123076,CCCCCCC#CC,-0.2391,0.0652,0.3043,-352.337834,8.280424834654148
gdb_123089,CCCCCCC(=O)N,-0.2424,0.0363,0.2787,-405.589583,7.583813346756855
gdb_123219,C(CC#N)COCCO,-0.2697,0.0313,0.301,-440.276697,8.190627260042387
gdb_123228,CCOCCCCC=O,-0.2496,-0.0206,0.229,-425.423091,6.231407450331252
gdb_123249,CCCCCCOCC,-0.2475,0.0894,0.3369,-390.688351,9.167516026273356
gdb_123296,C#Cc1c(nno1)C#N,-0.2888,-0.1015,0.1873,-430.408232,5.096692643873552
gdb_123389,C#CCOc1cnoc1,-0.2406,-0.0137,0.2269,-436.607722,6.174263539214676
gdb_123451,C(C1CN1)N1N=NN=N1,-0.2654,-0.0562,0.2092,-446.211307,5.6926220026606895
gdb_123599,C1C2CN1C1=NNC=C21,-0.2236,0.0278,0.2514,-396.864252,6.840942502241384
gdb_123600,C1C2CN1C1=NNN=C21,-0.2404,-0.0003,0.2401,-412.900179,6.533453837661718
gdb_123602,C1C2CN1C1=NON=C21,-0.2743,-0.0356,0.2388,-432.739635,6.4980790355419344
gdb_123608,C1C2CN3N=NC=C3N12,-0.2402,-0.0003,0.24,-412.945633,6.530732699037119
gdb_123676,C1C2OC1C1=NNN=C21,-0.2458,-0.0082,0.2376,-432.792003,6.465425372046749
gdb_123729,c1c(onn1)C2CCC2,-0.2645,-0.0358,0.2287,-417.972079,6.223244034457455
gdb_123753,C1CC(N1)C1=NOC=N1,-0.2345,-0.023,0.2115,-434.029755,5.755208191026462
gdb_123801,c1nc(no1)NC2CC2,-0.2312,-0.0095,0.2217,-434.039791,6.03276433073554
gdb_123858,C1CCc2c([nH]nn2)C1,-0.2361,0.0059,0.2419,-398.150703,6.582434332904497
gdb_123886,c1c(nncn1)N2CC2,-0.2336,-0.0666,0.167,-412.957323,4.544301503079996
gdb_123992,C1NC1C1=CN=CN=N1,-0.2345,-0.0683,0.1662,-412.957867,4.522532394083205
gdb_123993,C1NC1C1=CN=NC=N1,-0.2335,-0.0668,0.1667,-412.958913,4.536138087206199
gdb_124116,CC#Cc1c(cno1)N,-0.2054,-0.0278,0.1777,-416.768807,4.835463335912067
gdb_124180,CC#CCc1ccno1,-0.2518,-0.0106,0.2412,-400.712096,6.563386362532305
gdb_124203,CC#CCn1nnnn1,-0.28,-0.0459,0.2341,-428.956784,6.370185520185791
gdb_124260,CC(=O)c1cncnn1,-0.2509,-0.0938,0.1571,-432.885254,4.274908779244714
gdb_124346,CC(=O)N1N=COC1=N,-0.2424,-0.0308,0.2116,-470.026653,5.757929329651061
gdb_124428,CC(C#N)C1=NON=N1,-0.3381,-0.0891,0.249,-448.872544,6.775635175251011
gdb_124549,CC(C)c1noc(=O)o1,-0.2832,-0.0147,0.2685,-475.04571,7.3062572070477785
gdb_124577,CC(C)Cn1ccnn1,-0.2539,0.0028,0.2567,-399.329669,6.9851628493451186
gdb_124646,CC(C)Oc1c[nH]nc1,-0.2053,0.0251,0.2304,-419.212324,6.269503391075634
gdb_124677,CC(C=O)N1C=CN=N1,-0.2658,-0.0504,0.2154,-434.062575,5.8613325973858155
gdb_124777,CC(O)C1=CON=C1N,-0.2364,0.0036,0.24,-455.126415,6.530732699037119
gdb_124858,CC1(CC1)c2nc[nH]n2,-0.2361,0.0095,0.2455,-398.141485,6.680395323390053
gdb_124886,CC1(CN1)C1=NOC=C1,-0.2516,-0.0065,0.2451,-417.970416,6.669510768891659
gdb_124936,Cc1cn[nH]c(=O)c1C,-0.2294,-0.0548,0.1745,-418.056305,4.748386899924905
gdb_124986,Cc1c(cn[nH]1)CCO,-0.2257,0.0258,0.2516,-419.220574,6.84638477949058
gdb_124997,Cc1c(c(n[nH]1)O)CO,-0.2198,0.0212,0.241,-455.159208,6.557944085283108
gdb_125052,CC1=C(N)ON=CC1=N,-0.2082,-0.0436,0.1646,-434.044947,4.478994176089625
gdb_125083,CC1=C(NN=C1)C1CN1,-0.2336,0.0144,0.248,-398.115357,6.748423789005024
gdb_125085,Cc1cn[nH]c1N2CC2,-0.201,0.0343,0.2353,-398.109938,6.402839183680976
gdb_125087,Cc1cn[nH]c1OC=O,-0.247,-0.0191,0.2279,-453.973491,6.201474925460665
gdb_125163,Cc1c2c(no1)CC=C2,-0.2196,-0.0182,0.2014,-400.752854,5.480373189941983
gdb_125190,Cc1c2c(co1)onn2,-0.2282,-0.0673,0.1608,-452.708583,4.37559090835487
gdb_125210,Cc1c2c(n[nH]1)nno2,-0.2424,-0.0646,0.1778,-448.882182,4.838184474536667
gdb_125319,Cc1cnn(c1)CC=O,-0.237,-0.0373,0.1996,-418.027449,5.431392694699205
gdb_125345,Cc1cnc(nn1)C#N,-0.2622,-0.0959,0.1663,-411.801306,4.525253532707804
gdb_125373,CC1=CNN=C(O)C1=N,-0.1941,-0.019,0.1751,-434.081552,4.764713731672499
gdb_125411,Cc1conc1NC=N,-0.2274,-0.0044,0.223,-434.050906,6.068139132855324
gdb_125439,Cc1[nH]nc(n1)CC=O,-0.2414,-0.019,0.2223,-434.10446,6.0490911624831325
gdb_125524,Cc1cnn(n1)C2CC2,-0.2339,0.0041,0.238,-398.119183,6.476309926545143
gdb_125528,CC1=NN2C3CC3C2=N1,-0.245,-0.0118,0.2332,-396.881714,6.345695272564401
gdb_125599,CC1=NNC(=O)NC1=N,-0.2466,-0.0503,0.1963,-450.171449,5.341595120087444
gdb_125712,CC1=NOC(=N)C(O)=N1,-0.2486,-0.0713,0.1773,-469.991819,4.824578781413672
gdb_125713,CC1=NOC(=N)C=C1N,-0.2123,-0.0517,0.1606,-434.052485,4.370148631105672
gdb_125714,CC1=NOC(=N)N1C=O,-0.2486,-0.0473,0.2014,-470.007151,5.480373189941983
gdb_125791,Cc1c2c(on1)COC2,-0.2428,-0.0093,0.2335,-437.863209,6.353858688438198
gdb_125840,Cc1c(non1)NC=O,-0.2658,-0.0456,0.2202,-469.97963,5.9919472513665575
gdb_125887,CC1CC1N1C=NN=C1,-0.246,0.0165,0.2625,-398.120437,7.14298888957185
gdb_125897,CC1CC2=C(C1)N=NO2,-0.2465,-0.0351,0.2114,-417.990328,5.752487052401863
gdb_125972,CC1CN1C1=NC=NO1,-0.2448,-0.0084,0.2364,-434.035737,6.432771708551563
gdb_126020,CC1CNC2=NOC=C12,-0.2204,0.0043,0.2247,-417.993147,6.114398489473504
gdb_126037,CC1COC2=NOC=C12,-0.2463,-0.0061,0.2402,-437.866384,6.5361749762863175
gdb_126053,CC1NC1C1=NOC=N1,-0.2578,-0.0264,0.2314,-434.032035,6.296714777321623
gdb_126070,CC1OC1C1=CON=C1,-0.2557,-0.0177,0.2379,-437.849776,6.473588787920545
gdb_126119,CCC(=O)c1cnno1,-0.28,-0.0902,0.1898,-453.934386,5.164721109488522
gdb_126146,CCC(C)C1=CON=N1,-0.2663,-0.0353,0.2309,-419.18724,6.283109084198629
gdb_126231,CCc1c([nH]nc1N)N,-0.1895,0.0447,0.2342,-415.400911,6.372906658810389
gdb_126324,CCC1=CN=NNC1=N,-0.2331,-0.0671,0.166,-414.168597,4.517090116834008
gdb_126328,CCc1c[nH]nc1C#C,-0.2284,-0.0039,0.2245,-380.859238,6.108956212224306
gdb_126360,CCC1=NC(=O)N=NO1,-0.2782,-0.0417,0.2365,-470.096256,6.435492847176161
gdb_126369,CCc1[nH]nc(n1)CO,-0.2511,0.0082,0.2593,-435.290058,7.055912453584687
gdb_126407,CCc1nnc(o1)CC,-0.2596,-0.0001,0.2595,-419.235714,7.0613547308338855
gdb_126424,CCc1c(c([nH]n1)N)N,-0.1955,0.0437,0.2392,-415.396968,6.508963590040329
gdb_126445,CCc1c(n[nH]n1)NC,-0.2012,0.0133,0.2145,-415.386181,5.836842349764425
gdb_126488,CCc1c(non1)CC,-0.2879,-0.035,0.2529,-419.178895,6.881759581610365
gdb_126489,CCc1c(non1)CO,-0.2907,-0.0418,0.2488,-455.100349,6.770192898001814
gdb_126505,CCCc1c(nno1)C,-0.2539,-0.0286,0.2253,-419.19875,6.130725321221096
gdb_126512,CCCc1c(nn[nH]1)N,-0.2081,0.0073,0.2154,-415.386011,5.8613325973858155
gdb_126558,CCCc1cc([nH]n1)N,-0.2025,0.0418,0.2442,-399.348395,6.645020521270269
gdb_126566,CCCc1c(n[nH]n1)O,-0.2296,0.004,0.2336,-435.272741,6.356579827062797
gdb_126575,CCCc1c(con1)N,-0.2142,0.0026,0.2168,-419.195126,5.899428538130198
gdb_126590,CCCCc1cn[nH]n1,-0.2564,0.0003,0.2567,-399.337879,6.9851628493451186
gdb_126591,CCCCc1n[nH]nn1,-0.2834,-0.0233,0.2601,-415.378932,7.077681562581478
gdb_126603,CCCCn1nnnn1,-0.3152,-0.042,0.2732,-431.397189,7.434150722403921
gdb_126662,CCCNc1nnon1,-0.2467,-0.0552,0.1915,-451.265037,5.210980466106702
gdb_126697,CCN1C(=N)NN=C1O,-0.1916,0.0496,0.2413,-451.335277,6.566107501156904
gdb_126726,CCn1cc(nn1)NC,-0.1969,0.0112,0.2081,-415.376615,5.662689477790103
gdb_126730,CCN1C=CC(=N)N=N1,-0.217,-0.0525,0.1645,-414.157144,4.476273037465026
gdb_126738,CCn1ccc(n1)NC,-0.1852,0.0357,0.2208,-399.340364,6.00827408311415
gdb_126829,CCN1N=NC(=N)N=N1,-0.2486,-0.0858,0.1628,-446.208505,4.430013680846846
gdb_126833,CCn1c(c(nn1)C)C,-0.2315,0.0094,0.2409,-399.34254,6.5552229466585095
gdb_126974,CCNCc1ncno1,-0.2343,-0.0239,0.2103,-435.249786,5.722554527531276
gdb_127003,CCOc1cc(no1)O,-0.2266,0.0213,0.2479,-475.009666,6.745702650380426
gdb_127054,CCOCc1cnno1,-0.2677,-0.0351,0.2326,-455.105006,6.3293684408168085
gdb_127089,Cc1cc([nH]n1)N(C)C,-0.1875,0.0495,0.237,-399.335574,6.449098540299156
gdb_127095,Cn1c(ccn1)N(C)C,-0.2057,0.0326,0.2384,-399.326281,6.487194481043539
gdb_127158,CN(C)Cc1nnon1,-0.2323,-0.0693,0.1631,-451.243463,4.438177096720643
gdb_127217,Cn1c(=O)nnoc1=O,-0.3041,-0.1171,0.187,-505.936417,5.088529227999755
gdb_127242,Cn1cc(cn1)CC#N,-0.2473,0.0092,0.2565,-396.95715,6.979720572095922
gdb_127247,Cn1cc(nn1)CCO,-0.2442,0.0011,0.2453,-435.254372,6.674953046140856
gdb_127250,Cn1cc(c(n1)O)CO,-0.2063,0.0338,0.2402,-455.148417,6.5361749762863175
gdb_127304,CN1C=CC(=N1)C1CO1,-0.2363,0.0109,0.2472,-417.993577,6.726654680008234
gdb_127348,Cn1cnc(n1)OC=O,-0.2598,-0.0102,0.2495,-470.038019,6.789240868374006
gdb_127366,Cn1cnn2c1ncn2,-0.2466,-0.0053,0.2413,-429.048378,6.566107501156904
gdb_127416,CN1CCn2c1cnn2,-0.2089,0.0152,0.2241,-414.168988,6.09807165772591
gdb_127435,Cc1ccc(=O)n(n1)C,-0.2262,-0.0547,0.1714,-418.050066,4.664031602562343
gdb_127712,CN1N=NC(=O)NC1=N,-0.2646,-0.0812,0.1835,-466.179325,4.993289376138797
gdb_127749,Cn1c(c(nn1)O)C#N,-0.2553,-0.0538,0.2015,-448.931116,5.483094328566582
gdb_127795,CN1N=NC=C1C1CO1,-0.2517,-0.0125,0.2392,-434.029507,6.508963590040329
gdb_127823,CN=C(c1cnoc1)N,-0.2344,-0.0251,0.2092,-434.052704,5.6926220026606895
gdb_127883,Cc1c(=NC)ncon1,-0.2503,-0.0517,0.1986,-434.044031,5.404181308453216
gdb_127939,CN=C1NN=CC(O)=C1,-0.2002,-0.0462,0.154,-434.064052,4.1905534818821515
gdb_127973,CN=C1ON=C(C)C=N1,-0.2429,-0.0905,0.1525,-434.030614,4.149736402513169
gdb_127987,CN=C1ON=C2CCN12,-0.2173,-0.0006,0.2167,-434.005614,5.896707399505599
gdb_128133,CNc1c(nnn1C)N,-0.1988,0.0095,0.2083,-431.420494,5.6681317550393
gdb_128141,CNc1c(nn[nH]1)C#N,-0.2333,-0.0137,0.2196,-429.04523,5.975620419618965
gdb_128248,CNc1connc1=O,-0.2245,-0.082,0.1425,-469.957184,3.8776225400532893
gdb_128359,CNc1cc(on1)C=O,-0.2334,-0.076,0.1574,-453.930656,4.283072195118511
gdb_128401,CNC=Nc1n[nH]nn1,-0.2189,-0.0093,0.2095,-446.288438,5.700785418534486
gdb_128427,C[NH2+]CC1=NOC([O-])=C1,-0.2302,-0.0243,0.2059,-455.124695,5.602824428048929
gdb_128463,COC(C)C1=CN=NN1,-0.249,0.0025,0.2515,-435.243573,6.843663640865982
gdb_128510,COc1c(onn1)CO,-0.2412,-0.042,0.1991,-491.026898,5.417787001576211
gdb_128538,Cn1c(c(cn1)OC)O,-0.1906,0.0393,0.2298,-455.132773,6.253176559328042
gdb_128574,COc1cc(n[nH]1)C=O,-0.2321,-0.0438,0.1883,-453.94755,5.12390403011954
gdb_128618,COC1=NC(=N)N=NN1,-0.2497,-0.0666,0.1832,-466.150965,4.985125960265002
gdb_128753,COC=Nc1ncno1,-0.2542,-0.0537,0.2006,-469.990917,5.458604080945193
gdb_128903,c1c([nH]nn1)CCC#N,-0.2693,-0.0179,0.2515,-412.994709,6.843663640865982
gdb_128935,c1c(nn[nH]1)NCC#N,-0.2277,-0.0112,0.2165,-429.033142,5.891265122256402
gdb_128945,C(C#N)Nc1nnon1,-0.2763,-0.0761,0.2002,-464.919822,5.4477195264467975
gdb_129014,c1cnc-2n[nH]nnc12,-0.2489,-0.0933,0.1556,-427.811572,4.234091699875733
gdb_129070,[NH2+]=C1C=N[N-]C(C=O)=C1,-0.2331,-0.0721,0.161,-432.882079,4.381033185604068
gdb_129076,N=C1C=NNN=C1C#C,-0.2243,-0.0642,0.16,-411.720688,4.35382179935808
gdb_129110,N=C1CC2=C(O1)C=NO2,-0.2397,-0.0333,0.2064,-452.721925,5.616430121171923
gdb_129163,N=C1NC(CC#C)=NO1,-0.2284,0.0027,0.2311,-432.814277,6.288551361447826
gdb_129209,N=C1NN=CC=CC1=N,-0.2276,-0.077,0.1507,-412.95744,4.100755907270392
gdb_129235,N=C1NN=NC=CC1=O,-0.2625,-0.1076,0.155,-448.87067,4.21776486812814
gdb_129240,N=C1NN=NN1CC=O,-0.2296,-0.0416,0.188,-466.145887,5.115740614245744
gdb_129249,N=C1OCC2=C1C=NO2,-0.2599,-0.0354,0.2245,-452.731994,6.108956212224306
gdb_129335,c1nc(nnn1)NC=N,-0.2471,-0.0835,0.1636,-445.075834,4.451782789843636
gdb_129345,N=COC1=NC=NN=N1,-0.2686,-0.1028,0.1657,-464.94825,4.508926700960211
gdb_129396,c1c(noc1N)C(=N)N,-0.2271,-0.0227,0.2044,-450.123457,5.562007348679947
gdb_129543,NC(C#C)C1=CC=NO1,-0.2551,-0.0186,0.2364,-416.742731,6.432771708551563
gdb_129548,NC(C#C)C1=NC=NO1,-0.2663,-0.0333,0.2331,-432.806685,6.342974133939802
gdb_129560,NC(C#N)C1=CNN=N1,-0.2679,-0.0209,0.2469,-429.035978,6.718491264134437
gdb_129640,NC1=C(N)C(=N)C=NN1,-0.1802,-0.0209,0.1593,-430.245912,4.334773828985888
gdb_129659,C(=O)c1c(c([nH]n1)N)N,-0.2102,-0.0392,0.171,-450.131267,4.653147048063948
gdb_129712,C(c1c(c([nH]n1)N)O)O,-0.1969,0.0247,0.2217,-471.19922,6.03276433073554
gdb_129779,C1COc2c1c(on2)N,-0.2145,0.0217,0.2362,-453.925636,6.427329431302365
gdb_129780,C1c2c(noc2N)CN1,-0.2127,0.0108,0.2236,-434.03995,6.084465964602916
gdb_129795,C1CNc2c1n[nH]c2N,-0.1833,0.0352,0.2185,-414.182404,5.945687894748378
gdb_129799,c1c2c(c([nH]1)N)[nH]nn2,-0.1933,-0.0158,0.1775,-429.02792,4.83002105866287
gdb_129825,c1c(onc1N2CC2)N,-0.213,0.0231,0.2361,-434.021804,6.424608292677767
gdb_129890,c1c([nH]c2n1ncn2)N,-0.2078,0.0233,0.2311,-429.066133,6.288551361447826
gdb_129892,c1c(nc2n1nc[nH]2)N,-0.1803,0.0127,0.1931,-429.063141,5.254518684100282
gdb_130016,C1c2c(n[nH]n2)N=C1N,-0.2097,-0.0029,0.2068,-429.052856,5.627314675670318
gdb_130029,C#CCn1c(ncn1)N,-0.2234,0.0153,0.2387,-412.966349,6.495357896917335
gdb_130033,c1c2c([nH]n1)CN=C2N,-0.2184,0.0073,0.2257,-413.009597,6.1416098757194915
gdb_130078,C1C=Cn2c1nc(n2)N,-0.1982,-0.018,0.1802,-413.015357,4.9034918015270375
gdb_130095,C1Cn2c(nc(n2)N)N1,-0.19,0.0438,0.2338,-430.265746,6.362022104311994
gdb_130254,c1c(c(=O)onc1N)O,-0.2402,-0.0652,0.175,-489.89281,4.7619925930479
gdb_130265,C#CCc1nc(no1)N,-0.2409,-0.0139,0.227,-432.82972,6.176984677839276
gdb_130286,C1C=Cc2c1onc2N,-0.2136,-0.0151,0.1985,-416.79607,5.401460169828618
gdb_130356,NC=[NH+]C1=C(O)N=N[N-]1,-0.1832,-0.0547,0.1285,-466.136883,3.496663132609458
gdb_130371,C(=Nc1[nH]c(=O)[nH]n1)N,-0.1973,-0.017,0.1802,-466.23177,4.9034918015270375
gdb_130423,[NH3+]CC1=NC(=O)N=N[N-]1,-0.2426,-0.0837,0.1589,-466.164098,4.3238892744874935
gdb_130446,[NH3+]CCC1=C([O-])C=NO1,-0.2058,0.0053,0.211,-455.127304,5.741602497903467
gdb_130670,O=C1N=NON=NC1=O,-0.2921,-0.119,0.1732,-520.774382,4.713012097805121
gdb_130792,c1cc(=O)onnc1=O,-0.2864,-0.1318,0.1546,-488.637529,4.206880313629744
gdb_130870,c1c(c(=O)[nH]nn1)C=O,-0.2608,-0.1189,0.1418,-468.801747,3.8585745696810987
gdb_130916,C(=O)c1c(non1)C#N,-0.3049,-0.1213,0.1836,-467.555374,4.996010514763397
gdb_130917,C(=O)c1c(non1)C=O,-0.2966,-0.1144,0.1822,-488.627327,4.957914574019013
gdb_130984,c1nc(no1)NCC=O,-0.241,-0.0311,0.2099,-469.994084,5.7116699730328815
gdb_130997,c1c(n[nH]n1)OCC=O,-0.2474,-0.0373,0.2101,-469.988897,5.717112250282079
gdb_131023,c1c(nn(n1)C=O)C=O,-0.2779,-0.1006,0.1773,-468.813925,4.824578781413672
gdb_131067,c1c(nncn1)OC=O,-0.2595,-0.0939,0.1656,-468.818788,4.506205562335612
gdb_131180,OC1=C(OC=N)C=NN1,-0.2034,-0.0104,0.193,-470.011338,5.251797545475684
gdb_131217,c1c(n[nH]c1O)CC#N,-0.2341,0.0165,0.2507,-432.891787,6.821894531869191
gdb_131222,c1c2c([nH]c1O)nn[nH]2,-0.1985,0.0041,0.2026,-448.920243,5.513026853437169
gdb_131253,c1c(n(nn1)C2CC2)O,-0.2324,0.0106,0.2431,-434.032893,6.615087996399683
gdb_131270,c1c(c(n[nH]1)OC=O)O,-0.2278,-0.0105,0.2173,-489.899711,5.913034231253192
gdb_131281,c1c(nnc(n1)O)C#N,-0.2679,-0.1039,0.1641,-447.743245,4.46538848296663
gdb_131377,c1coc2c1[nH]nc2O,-0.2127,-0.0034,0.2093,-452.750081,5.695343141285289
gdb_131378,C1COc2c1[nH]nc2O,-0.1958,0.025,0.2208,-453.936339,6.00827408311415
gdb_131405,OC1=NOC(=C1)C1CN1,-0.2397,-0.0137,0.226,-453.90503,6.149773291593288
gdb_131494,OC1CC1C1=NON=N1,-0.2624,-0.0771,0.1853,-469.920299,5.042269871381576
gdb_131699,OCC1=NC(=N)ON=C1,-0.2676,-0.103,0.1646,-469.96094,4.478994176089625
gdb_131770,C(c1c(=O)nnon1)O,-0.2658,-0.1126,0.1532,-505.832266,4.168784372885361
gdb_131848,c1cn[nH]c1NCCO,-0.1933,0.0448,0.2381,-435.2599,6.4790310651697425
gdb_131868,c1c(onn1)OCCO,-0.25,-0.0292,0.2208,-491.033003,6.00827408311415
gdb_131924,c1ncnc(n1)N(=O)=O,-0.3027,-0.1086,0.1941,-484.806717,5.281730070346271
gdb_131950,Cc1cnoc1N(=O)=O,-0.2935,-0.1066,0.187,-489.781177,5.088529227999755
gdb_131974,NC1=C(N=NO1)N(=O)=O,-0.2822,-0.1048,0.1774,-521.913816,4.827299920038271
gdb_132013,Cc1c(=O)ccoc1F,-0.2434,-0.039,0.2044,-481.833484,5.562007348679947
gdb_132021,c1coc(c(c1=O)F)N,-0.224,-0.0309,0.1931,-497.877831,5.254518684100282
gdb_132044,CC1=C(F)C(=N)OC=C1,-0.2124,-0.0412,0.1712,-461.936118,4.658589325313145
gdb_132075,OC1=C(F)C=COC1=N,-0.208,-0.0396,0.1684,-497.871127,4.582397443824379
gdb_132081,c1[nH]c(=O)c(c(n1)F)F,-0.2489,-0.056,0.1929,-537.982469,5.249076406851085
gdb_132163,NC1=CNC(F)=NC1=N,-0.1948,-0.007,0.1878,-474.187142,5.1102983369965465
gdb_132176,c1c(=O)c(c[nH]c1F)O,-0.2131,-0.0151,0.198,-497.88553,5.387854476705624
gdb_132182,c1c(c(=O)nc(o1)O)F,-0.2657,-0.0499,0.2158,-533.823746,5.87221715188421
gdb_132339,FC1=NC(F)=NC(=N)N1,-0.2566,-0.0558,0.2008,-534.162463,5.46404635819439
gdb_132390,c1(nc(nc(n1)F)N)N,-0.2474,0.0003,0.2477,-490.301849,6.740260373131227
gdb_132416,c1c(nc(cn1)F)C=O,-0.2657,-0.0999,0.1658,-476.814077,4.5116478395848105
gdb_132467,FC1=CC=C(F)C(=N)O1,-0.2208,-0.0505,0.1703,-521.888947,4.634099077691756
gdb_132476,c1c(oc(=O)c(n1)F)O,-0.2394,-0.0774,0.162,-533.823728,4.408244571850056
gdb_132483,FC1=NC=C(F)C(=N)O1,-0.2483,-0.0624,0.1859,-537.948775,5.05859670312917
gdb_132484,c1c(c(=O)oc(n1)O)F,-0.252,-0.0644,0.1877,-533.837273,5.107577198371947
gdb_132650,c1c(c(nc(n1)F)N)F,-0.243,-0.034,0.209,-518.112623,5.687179725411491
gdb_132679,c1c(cnc(c1F)O)O,-0.2163,-0.0266,0.1898,-497.899284,5.164721109488522
gdb_132707,c1c(ncc(n1)F)C=O,-0.2651,-0.0908,0.1743,-476.814863,4.742944622675709
gdb_132897,c1c(nc(c(=O)o1)F)F,-0.2596,-0.0969,0.1627,-557.836441,4.427292542222248
gdb_132910,Cc1c(c[nH]c(=O)n1)F,-0.2329,-0.0609,0.1721,-478.027114,4.683079572934535
gdb_133025,CN=c1cc(nco1)F,-0.2327,-0.058,0.1747,-477.991998,4.7538291771741035
gdb_133043,CNc1cnc(nc1)F,-0.2186,-0.0441,0.1745,-458.134377,4.748386899924905
gdb_133083,COc1ccnc(c1)F,-0.2543,-0.0181,0.2361,-461.961303,6.424608292677767
gdb_133163,CC1=C(F)NN=CC1=N,-0.2107,-0.0363,0.1744,-458.094831,4.745665761300307
gdb_133175,Cc1cc(=O)onc1F,-0.2718,-0.0897,0.1821,-497.850381,4.955193435394415
gdb_133182,Cc1conc(c1=O)F,-0.2653,-0.0739,0.1914,-497.834033,5.208259327482103
gdb_133187,Cc1c(n[nH]c(=O)n1)F,-0.2576,-0.088,0.1696,-494.057937,4.615051107319565
gdb_133271,CN=c1cnocc1F,-0.2333,-0.0602,0.1731,-477.916356,4.710290959180523
gdb_133294,CN=C1ON=NC(F)=C1,-0.2549,-0.1046,0.1503,-493.966471,4.089871352771996
gdb_133344,c1c(c(n[nH]c1=O)F)N,-0.2291,-0.0497,0.1793,-494.064719,4.879001553905648
gdb_133473,c1c(nno1)C(F)(F)F,-0.3091,-0.0657,0.2434,-599.071475,6.623251412273479
gdb_133476,c1[nH]nc(n1)C(F)(F)F,-0.2936,-0.0171,0.2765,-579.243235,7.523948297015682
gdb_133494,CC(=O)NCC(F)(F)F,-0.2588,0.0197,0.2785,-585.483298,7.578371069507658
gdb_133545,FC(F)(F)C1(CO1)C#C,-0.2836,0.0021,0.2857,-566.918256,7.7742930504787715
gdb_133558,FC(F)(F)C12CCC1N2,-0.274,0.0715,0.3454,-548.267191,9.398812809364255
gdb_133580,FC(F)(F)C1NC1C#C,-0.2662,0.0209,0.2871,-547.038134,7.812388991223155
gdb_133644,FC(F)(F)CCOC=N,-0.2726,0.0122,0.2848,-585.441639,7.749802802857382
gdb_133707,CC1CC1(O)C(F)(F)F,-0.275,0.07,0.345,-569.375086,9.387928254865859
gdb_133710,CN1CC1(C)C(F)(F)F,-0.2429,0.0818,0.3247,-549.481878,8.835537114072302
gdb_133762,CCC(OC)C(F)(F)F,-0.2705,0.0777,0.3482,-570.582301,9.475004690853021
gdb_133817,C1N2C3C4C2C11CN4C31,-0.2277,0.0574,0.2851,-380.698095,7.757966218731179
gdb_133823,CC12C3N1C1C=C2C=C31,-0.2034,-0.0617,0.1417,-363.393081,3.855853431056499
gdb_133853,OC12C3C1N1CC3N=C21,-0.2087,-0.0889,0.1198,-416.635254,3.2599240722693623
